table,name,key,predicate,related_table,related_field,title,description,comments,example,type,format,unique,required,minimum,maximum,namespace,dcterms:isVersionOf,dcterms:references,rdfs:comment,status
address,address_pk,pk,,,,Address (Primary Key),A unique identifier for an ltc:Address.,The value in this field MAY be changed in aggregation to guarantee uniqueness.,,string,default,TRUE,TRUE,,,ltc,http://example.com/term-pending/addressID,,A unique identifier for an ltc:Address.,recommended
address,organisationalUnit_fk,fk,for,organisational-unit,organisationalUnit_pk,Organisational Unit (Foreign Key),An identifier for an ltc:OrganisationalUnit.,"The value in this field MAY be changed in aggregation to preserve the relationship to the (Primary Key). Optional: a row belongs to exactly one parent, so populate exactly one of this table's parent foreign keys.",,string,default,FALSE,FALSE,,,ltc,http://rs.tdwg.org/ltc/terms/hasAddress,http://rs.tdwg.org/ltc/terms/version/hasAddress-2024-02-28,This property refers to one or more related instances of the Address class.,recommended
address,person_fk,fk,for,person,person_pk,Person (Foreign Key),An identifier for an ltc:Person.,"The value in this field MAY be changed in aggregation to preserve the relationship to the (Primary Key). Optional: a row belongs to exactly one parent, so populate exactly one of this table's parent foreign keys.",,string,default,FALSE,FALSE,,,ltc,http://rs.tdwg.org/ltc/terms/hasAddress,http://rs.tdwg.org/ltc/terms/version/hasAddress-2024-02-28,This property refers to one or more related instances of the Address class.,recommended
address,personRole_fk,fk,for,person-role,personRole_pk,Person Role (Foreign Key),An identifier for an ltc:PersonRole.,"The value in this field MAY be changed in aggregation to preserve the relationship to the (Primary Key). Optional: a row belongs to exactly one parent, so populate exactly one of this table's parent foreign keys.",,string,default,FALSE,FALSE,,,ltc,http://rs.tdwg.org/ltc/terms/hasAddress,http://rs.tdwg.org/ltc/terms/version/hasAddress-2024-02-28,This property refers to one or more related instances of the Address class.,recommended
address,storageLocation_fk,fk,for,storage-location,storageLocation_pk,Storage Location (Foreign Key),An identifier for an ltc:StorageLocation.,"The value in this field MAY be changed in aggregation to preserve the relationship to the (Primary Key). Optional: a row belongs to exactly one parent, so populate exactly one of this table's parent foreign keys.",,string,default,FALSE,FALSE,,,ltc,http://rs.tdwg.org/ltc/terms/hasAddress,http://rs.tdwg.org/ltc/terms/version/hasAddress-2024-02-28,This property refers to one or more related instances of the Address class.,recommended
address,addressCountry,,,,,Address Country,"The country. For example, USA. You can also provide the two-letter ISO 3166-1 alpha-2 country code.",Recommended best practice is to use a controlled vocabulary -- e.g. current ISO 3166 Country Codes.,"`Denmark`, `DK`, `Colombia`, `CO`, `España`, `ES`",string,default,,TRUE,,,schema,https://schema.org/addressCountry,,"The country. For example, USA. You can also provide the two-letter ISO 3166-1 alpha-2 country code.",recommended
address,addressLocality,,,,,Address Locality,"The locality in which the street address is, and which is in the region. For example, Mountain View.",The locality in which the address is located. AddressLocality is a more specific geographic area than addressRegion.,"`Holzminden`, `Araçatuba`, `Ga-Segonyana`, `Mountain View`, `Coventry`, `Tokyo`",string,default,,,,,schema,https://schema.org/addressLocality,,"The locality in which the street address is, and which is in the region. For example, Mountain View.",recommended
address,addressRegion,,,,,Address Region,"The region in which the locality is, and which is in the country. For example, California or another appropriate first-level Administrative division.",,"`Missoula`, `Los Lagos`, `Mataró`, `Guangdong`",string,default,,,,,schema,https://schema.org/addressRegion,,"The region in which the locality is, and which is in the country. For example, California or another appropriate first-level Administrative division.",recommended
address,addressType,,,,,Address Type,"A person or organization can have different addresses, for different purposes. For example, a postal address, a loan address, an address for visits and so on. This property is used to specify the kind of address.",,"`Physical`, `Postal`, `Loans`, `Visits`, `Home`, `Work`, `Main`",string,default,,,,,ltc,http://rs.tdwg.org/ltc/terms/addressType,http://rs.tdwg.org/ltc/terms/version/addressType-2024-02-28,"A person or organization can have different addresses, for different purposes. For example, a postal address, a loan address, an address for visits and so on. This property is used to specify the kind of address.",recommended
address,postOfficeBoxNumber,,,,,Post Office Box Number,The post office box number for PO box addresses.,,`PO Box 7169`,string,default,,,,,schema,https://schema.org/postOfficeBoxNumber,,The post office box number for PO box addresses.,recommended
address,postalCode,,,,,Postal Code,"The postal code. For example, 94043.",,"`32308`, `SW7 5HD`, `10115`, `3080`",string,default,,,,,schema,https://schema.org/postalCode,,"The postal code. For example, 94043.",recommended
address,streetAddress,,,,,Street Address,"The street address. For example, 1600 Amphitheatre Pkwy.",,"`Invalidenstraße 43`, `1400 S. Du Sable Lake Shore Dr`, `960 Carling Avenue`",string,default,,TRUE,,,schema,https://schema.org/streetAddress,,"The street address. For example, 1600 Amphitheatre Pkwy.",recommended
chronometric-age,chronometricAge_pk,pk,,,,Chronometric Age (Primary Key),A unique identifier for an ltc:ChronometricAge.,The value in this field MAY be changed in aggregation to guarantee uniqueness.,,string,default,TRUE,TRUE,,,ltc,http://example.com/term-pending/chronometricAgeID,,A unique identifier for an ltc:ChronometricAge.,recommended
chronometric-age,objectGroup_fk,fk,for,object-group,objectGroup_pk,Object Group (Foreign Key),An identifier for an ltc:ObjectGroup.,The value in this field MAY be changed in aggregation to preserve the relationship to the (Primary Key).,,string,default,FALSE,TRUE,,,ltc,http://rs.tdwg.org/ltc/terms/hasChronometricAge,http://rs.tdwg.org/ltc/terms/version/hasChronometricAge-2024-02-28,This property refers to one or more related instances of the ChronometricAge class.,recommended
chronometric-age,chronometricAgeProtocol,,,,,Chronometric Age Protocol,A description of or reference to the methods used to determine the chronometric age.,,"`Radiocarbon dating using an Accelerator Mass Spectrometry`, `Pb-Pb Dating`, `41Ca - 41K Chronometer`, `U-Pb Dating using a Thermal Ionization Mass Spectrometer`, `U-Pb Radiometric Dating`, `Thermoluminescence`, `Paleomagnetism`, `Pb-Pb Chronometer as described in Amelin et al. (2002) Science 297, 1678-1683`",string,default,,,,,chrono,http://rs.tdwg.org/chrono/terms/chronometricAgeProtocol,http://rs.tdwg.org/chrono/terms/version/chronometricAgeProtocol-2025-06-12,A description of or reference to the methods used to determine the chrono:ChronometricAge.,recommended
chronometric-age,chronometricAgeRemarks,,,,,Chronometric Age Remarks,Notes or comments about the ChronometricAge.,,"`Beta Analytic number: 323913` `One of the Crassostrea virginica right valve specimens from North Midden Feature 17 was chosen for AMS dating, but it is unclear exactly which specimen it was.`",string,default,,,,,chrono,http://rs.tdwg.org/chrono/terms/chronometricAgeRemarks,http://rs.tdwg.org/chrono/terms/version/chronometricAgeRemarks-2025-06-12,Notes or comments about the chrono:ChronometricAge.,recommended
chronometric-age,chronometricAgeUncertaintyInYears,,,,,Chronometric Age Uncertainty In Years,The temporal uncertainty of the earliestChronometricAge and latestChronometicAge in years.,The expected unit for this field is years. The value in this field is number of years before and after the values given in the earliest and latest chronometric age fields within which the actual values are estimated to be.,`100`,number,default,,,,,chrono,http://rs.tdwg.org/chrono/terms/chronometricAgeUncertaintyInYears,http://rs.tdwg.org/chrono/terms/version/chronometricAgeUncertaintyInYears-2026-05-26,The temporal uncertainty of the chrono:earliestChronometricAge and chrono:latestChronometricAge in years.,recommended
chronometric-age,earliestChronometricAge,,,,,Earliest Chronometric Age,The maximum/earliest/oldest possible age of a specimen as determined by a dating method.,"The expected unit for this field is years. This field, if populated, must have an associated earliestChronometricAgeReferenceSystem.",`100`,number,default,,,,,chrono,http://rs.tdwg.org/chrono/terms/earliestChronometricAge,http://rs.tdwg.org/chrono/terms/version/earliestChronometricAge-2025-06-12,The maximum/earliest/oldest possible age of a specimen as determined by a dating method.,recommended
chronometric-age,earliestChronometricAgeReferenceSystem,,,,,Earliest Chronometric Age Reference System,The reference system associated with the earliestChronometricAge.,,"`kya`, `mya`, `BP`, `AD`, `BCE`",string,default,,,,,chrono,http://rs.tdwg.org/chrono/terms/earliestChronometricAgeReferenceSystem,http://rs.tdwg.org/chrono/terms/version/earliestChronometricAgeReferenceSystem-2025-06-12,The reference system associated with the chrono:earliestChronometricAge.,recommended
chronometric-age,latestChronometricAge,,,,,Latest Chronometric Age,The minimum/latest/youngest possible age of a specimen as determined by a dating method.,"The minimum/latest/youngest possible age of an object in the collection as determined by a dating method. The expected unit for this field is years. This field, if populated, must have an associated latestChronometricAgeReferenceSystem.",`27`,number,default,,,,,chrono,http://rs.tdwg.org/chrono/terms/latestChronometricAge,http://rs.tdwg.org/chrono/terms/version/latestChronometricAge-2025-06-12,The minimum/latest/youngest possible age of a specimen as determined by a dating method.,recommended
chronometric-age,latestChronometricAgeReferenceSystem,,,,,Latest Chronometric Age Reference System,The reference system associated with the latestChronometricAge.,Recommended best practice is to use a controlled vocabulary.,"`kya`, `mya`, `BP`, `AD`, `BCE`",string,default,,,,,chrono,http://rs.tdwg.org/chrono/terms/latestChronometricAgeReferenceSystem,http://rs.tdwg.org/chrono/terms/version/latestChronometricAgeReferenceSystem-2025-06-12,The reference system associated with the chrono:latestChronometricAge.,recommended
chronometric-age,verbatimChronometricAge,,,,,Verbatim Chronometric Age,"The verbatim age for a specimen, whether reported by a dating assay, associated references, or legacy information.","The verbatim age for the objects in the collection, whether reported by a dating assay, associated references, or legacy information. For example, this could be the radiocarbon age as given in an AMS dating report. This could also be simply what is reported as the age of a specimen in legacy collections data.",`27 BC to 14 AD`,string,default,,,,,chrono,http://rs.tdwg.org/chrono/terms/verbatimChronometricAge,http://rs.tdwg.org/chrono/terms/version/verbatimChronometricAge-2020-09-14,"The verbatim age for a specimen, whether reported by a dating assay, associated references, or legacy information.",recommended
collection-status-history,collectionStatusHistory_pk,pk,,,,Collection Status History (Primary Key),A unique identifier for an ltc:CollectionStatusHistory.,The value in this field MAY be changed in aggregation to guarantee uniqueness.,,string,default,TRUE,TRUE,,,ltc,http://example.com/term-pending/collectionStatusHistoryID,,A unique identifier for an ltc:CollectionStatusHistory.,recommended
collection-status-history,objectGroup_fk,fk,for,object-group,objectGroup_pk,Object Group (Foreign Key),An identifier for an ltc:ObjectGroup.,The value in this field MAY be changed in aggregation to preserve the relationship to the (Primary Key).,,string,default,FALSE,TRUE,,,ltc,http://rs.tdwg.org/ltc/terms/hasCollectionStatusHistory,http://rs.tdwg.org/ltc/terms/version/hasCollectionStatusHistory-2024-02-28,This property refers to one or more related instances of the CollectionStatusHistory class.,recommended
collection-status-history,status,,,,,Status,The development status of the collection during a specified period.,The values/vocabularies for a status are predicated by the statusType. The in the examples mentioned terms are a cumulative list of terms associated with several different statusTypes.,"`Complete`, `In part`, `Developing`, `Closed`, `Active growth`, `Consumable`, `Decreasing`, `Lost`, `Missing`, `Passive growth`, `Static`",string,default,,TRUE,,,ltc,http://rs.tdwg.org/ltc/terms/status,http://rs.tdwg.org/ltc/terms/version/status-2024-02-28,The development status of the collection during a specified period.,recommended
collection-status-history,statusChangeReason,,,,,Status Change Reason,An explanation of why the collection transitioned to the value set in the status property.,statusChangeReason should be aligned with the value of statusType.,"`Pest infestation`, `Exchange`, `Transfer`, `Return to country of origin`, `Worldwide pandemic`, `moved to secure off-site storage`, `reorganisation, no access from 2020-2023`",string,default,,,,,ltc,http://rs.tdwg.org/ltc/terms/statusChangeReason,http://rs.tdwg.org/ltc/terms/version/statusChangeReason-2024-02-28,An explanation of why the collection transitioned to the value set in the status property.,recommended
collection-status-history,statusType,,,,,Status Type,A top-level classification of the different categories of status that can be applied to the collection.,statusType forms the top level of a two-level hierarchy with the status property. Recommended best practice is to use a controlled vocabulary.,"`Stewardship`, `Accessibility`, `Completeness`, `Growth Status`, `Organisational`",string,default,,TRUE,,,ltc,http://rs.tdwg.org/ltc/terms/statusType,http://rs.tdwg.org/ltc/terms/version/statusType-2024-02-28,A top-level classification of the different categories of status that can be applied to the collection.,recommended
contact-detail,contactDetail_pk,pk,,,,Contact Detail (Primary Key),A unique identifier for an ltc:ContactDetail.,The value in this field MAY be changed in aggregation to guarantee uniqueness.,,string,default,TRUE,TRUE,,,ltc,http://example.com/term-pending/contactDetailID,,A unique identifier for an ltc:ContactDetail.,recommended
contact-detail,organisationalUnit_fk,fk,for,organisational-unit,organisationalUnit_pk,Organisational Unit (Foreign Key),An identifier for an ltc:OrganisationalUnit.,"The value in this field MAY be changed in aggregation to preserve the relationship to the (Primary Key). Optional: a row belongs to exactly one parent, so populate exactly one of this table's parent foreign keys.",,string,default,FALSE,FALSE,,,ltc,http://rs.tdwg.org/ltc/terms/hasContactDetail,http://rs.tdwg.org/ltc/terms/version/hasContactDetail-2024-02-28,This property refers to one or more related instances of the ContactDetail class.,recommended
contact-detail,person_fk,fk,for,person,person_pk,Person (Foreign Key),An identifier for an ltc:Person.,"The value in this field MAY be changed in aggregation to preserve the relationship to the (Primary Key). Optional: a row belongs to exactly one parent, so populate exactly one of this table's parent foreign keys.",,string,default,FALSE,FALSE,,,ltc,http://rs.tdwg.org/ltc/terms/hasContactDetail,http://rs.tdwg.org/ltc/terms/version/hasContactDetail-2024-02-28,This property refers to one or more related instances of the ContactDetail class.,recommended
contact-detail,personRole_fk,fk,for,person-role,personRole_pk,Person Role (Foreign Key),An identifier for an ltc:PersonRole.,"The value in this field MAY be changed in aggregation to preserve the relationship to the (Primary Key). Optional: a row belongs to exactly one parent, so populate exactly one of this table's parent foreign keys.",,string,default,FALSE,FALSE,,,ltc,http://rs.tdwg.org/ltc/terms/hasContactDetail,http://rs.tdwg.org/ltc/terms/version/hasContactDetail-2024-02-28,This property refers to one or more related instances of the ContactDetail class.,recommended
contact-detail,contactDetailCategory,,,,,Contact Detail Category,The method of contact to which the contact detail applies.,Recommended practice is to use a controlled vocabulary.,"`Email`, `Phone (mobile)`, `Phone (home)`, `Twitter handle`, `GitHub handle`",string,default,,TRUE,,,ltc,http://rs.tdwg.org/ltc/terms/contactDetailCategory,http://rs.tdwg.org/ltc/terms/version/contactDetailCategory-2024-02-28,The method of contact to which the contact detail applies.,recommended
contact-detail,contactDetailFunction,,,,,Contact Detail Function,A brief label describing the nature of the enquiry or enquiries that are appropriate to direct to the contact detail.,,"`Loan requests`, `General enquiries`, `Data issues`",array,default,,,,,ltc,http://rs.tdwg.org/ltc/terms/contactDetailFunction,http://rs.tdwg.org/ltc/terms/version/contactDetailFunction-2024-02-28,A brief label describing the nature of the enquiry or enquiries that are appropriate to direct to the contact detail.,recommended
contact-detail,contactDetailValue,,,,,Contact Detail Value,"The value of the contact detail, such as the phone number or email address.",,"`01234 567891`, `someone@example.org`, `@github_user`",string,default,,TRUE,,,ltc,http://rs.tdwg.org/ltc/terms/contactDetailValue,http://rs.tdwg.org/ltc/terms/version/contactDetailValue-2024-02-28,"The value of the contact detail, such as the phone number or email address.",recommended
ecological-context,ecologicalContext_pk,pk,,,,Ecological Context (Primary Key),A unique identifier for an ltc:EcologicalContext.,The value in this field MAY be changed in aggregation to guarantee uniqueness.,,string,default,TRUE,TRUE,,,ltc,http://example.com/term-pending/ecologicalContextID,,A unique identifier for an ltc:EcologicalContext.,recommended
ecological-context,event_fk,fk,for,event,event_pk,Event (Foreign Key),An identifier for an ltc:Event.,"The value in this field MAY be changed in aggregation to preserve the relationship to the (Primary Key). Optional: a row belongs to exactly one parent, so populate exactly one of this table's parent foreign keys.",,string,default,FALSE,FALSE,,,ltc,http://rs.tdwg.org/ltc/terms/hasEcologicalContext,http://rs.tdwg.org/ltc/terms/version/hasEcologicalContext-2024-02-28,This property refers to one or more related instances of the EcologicalContext class.,recommended
ecological-context,objectGroup_fk,fk,for,object-group,objectGroup_pk,Object Group (Foreign Key),An identifier for an ltc:ObjectGroup.,"The value in this field MAY be changed in aggregation to preserve the relationship to the (Primary Key). Optional: a row belongs to exactly one parent, so populate exactly one of this table's parent foreign keys.",,string,default,FALSE,FALSE,,,ltc,http://rs.tdwg.org/ltc/terms/hasEcologicalContext,http://rs.tdwg.org/ltc/terms/version/hasEcologicalContext-2024-02-28,This property refers to one or more related instances of the EcologicalContext class.,recommended
ecological-context,biogeographicRealm,,,,,Biogeographic Realm,"The broadest biogeographic division of Earth's land and marine surface, based on distributional patterns of terrestrial and marine organisms.","This term may commonly be used in a biogeographic hierarchy above marineProvince (marine only), ecoregion and ecosystem. It is recommended to use controlled vocabularies such as those adopted by the World Wildlife Fund (WWF) / Global 200 (Olson et at. 1998).","`Afrotropical`, `Australasian`, `Indomalayan`, `Nearctic`, `Arctic`, `Temperate Northern Atlantic`, `Temperate Northern Pacific`",string,default,,,,,ltc,http://rs.tdwg.org/ltc/terms/biogeographicRealm,http://rs.tdwg.org/ltc/terms/version/biogeographicRealm-2024-02-28,"The broadest biogeographic division of Earth's land and marine surface, based on distributional patterns of terrestrial and marine organisms.",recommended
ecological-context,biome,,,,,Biome,A biogeographical unit consisting of a biological community that has formed in response to the physical environment in which they are found and a shared regional climate.,"This property can be used to record terrestrial, freshwater and marine biomes. It is recommended to use controlled vocabularies such as those adopted by the World Wildlife Fund (WWF) / Global 200 (Olson et at. 1998).","`Deserts and xeric shrublands`, `Tropical and subtropical moist broadleaf forests`, `Open sea`, `Deep sea`, `Littoral/Intertidal zone`, `Salt marsh`, `Estuaries`, `Large lakes`, `Large river deltas`, `Polar freshwaters`, `Tropical and subtropical coastal rivers`, `Tropical and subtropical floodplain rivers and wetlands`",string,default,,,,,ltc,http://rs.tdwg.org/ltc/terms/biome,http://rs.tdwg.org/ltc/terms/version/biome-2024-02-28,A biogeographical unit consisting of a biological community that has formed in response to the physical environment in which they are found and a shared regional climate.,recommended
ecological-context,biomeType,,,,,Biome Type,A top level classification of the type of biome from which objects were collected or where an event took place.,"The biomeType is positioned at a level between the biosphere (the global sum of all ecosystems on Earth) and the more detailed terrestrial, marine and freshwater biomes. The latter should be recorded using the EcologicalContext.biome property. Use of a controlled vocabulary is recommended, e.g. The GBIF BioType vocabulary https://registry.gbif.org/vocabulary/BiomeType","`Terrestrial`, `Marine`, `Freshwater`",string,default,,,,,ltc,http://rs.tdwg.org/ltc/terms/biomeType,http://rs.tdwg.org/ltc/terms/version/biomeType-2024-02-28,A top level classification of the type of biome from which objects were collected or where an event took place.,recommended
ecological-context,bioregion,,,,,Bioregion,"An ecologically and geographically defined area that is smaller than a biogeographic realm, but larger than an ecoregion or an ecosystem.","This is analagous with the marine province concept for marine regions. It is recommended to use controlled vocabularies such as those adopted by the World Wildlife Fund (WWF) / Global 200 (Olson et at. 1998), from which this concept originated.","`Western Africa and Sahel`, `New Guinea and Melanesia`, `Indian subcontinent`, `South China Sea`, `Mediterranean Sea`, `Central Indian Ocean Islands`",string,default,,,,,ltc,http://rs.tdwg.org/ltc/terms/bioregion,http://rs.tdwg.org/ltc/terms/version/bioregion-2024-02-28,"An ecologically and geographically defined area that is smaller than a biogeographic realm, but larger than an ecoregion or an ecosystem.",recommended
ecological-context,ecoregion,,,,,Ecoregion,"An ecologically and geographically defined area that is smaller than a bioregion, which in turn is smaller than a biogeographic realm. Ecoregions cover relatively large areas of land or water, and contain characteristic, geographically distinct assemblages of natural communities and species.",It is recommended to use controlled vocabularies such as those adopted by the World Wildlife Fund (WWF) / Global 200 (Olson et at. 1998).,"`Albertine Rift montane forests`, `Atlantic Equatorial coastal forests`, `Irrawaddy freshwater swamp forests`, `Adriatic Sea`, `Cortezian`, `Ningaloo`, `Ross Sea`",string,default,,,,,ltc,http://rs.tdwg.org/ltc/terms/ecoregion,http://rs.tdwg.org/ltc/terms/version/ecoregion-2024-02-28,"An ecologically and geographically defined area that is smaller than a bioregion, which in turn is smaller than a biogeographic realm. Ecoregions cover relatively large areas of land or water, and contain characteristic, geographically distinct assemblages of natural communities and species.",recommended
ecological-context,ecosystem,,,,,Ecosystem,"A specific kind of ecological classification that considers all four elements of the definition of ecosystems: a biotic component, an abiotic complex, the interactions between and within them, and the physical space that they occupy.",,"`Orjen, vegetation belt between 1,100 and 1,450 m, Oromediterranean zone, nemoral zone (temperate zone)`",string,default,,,,,ltc,http://rs.tdwg.org/ltc/terms/ecosystem,http://rs.tdwg.org/ltc/terms/version/ecosystem-2024-02-28,"A specific kind of ecological classification that considers all four elements of the definition of ecosystems: a biotic component, an abiotic complex, the interactions between and within them, and the physical space that they occupy.",recommended
ecological-context,habitat,,,,,Habitat,A description of the type of environment in which an organism lives.,,"`oak savanna`, `pre-cordilleran steppe`",string,default,,,,,ltc,http://rs.tdwg.org/ltc/terms/habitat,http://rs.tdwg.org/ltc/terms/version/habitat-2024-02-28,A description of the type of environment in which an organism lives.,recommended
event,event_pk,pk,,,,Event (Primary Key),A unique identifier for an ltc:Event.,The value in this field MAY be changed in aggregation to guarantee uniqueness.,,string,default,TRUE,TRUE,,,ltc,http://example.com/term-pending/eventID,,A unique identifier for an ltc:Event.,recommended
event,objectGroup_fk,fk,for,object-group,objectGroup_pk,Object Group (Foreign Key),An identifier for an ltc:ObjectGroup.,The value in this field MAY be changed in aggregation to preserve the relationship to the (Primary Key).,,string,default,FALSE,TRUE,,,ltc,http://rs.tdwg.org/ltc/terms/hasEvent,http://rs.tdwg.org/ltc/terms/version/hasEvent-2024-02-28,This property refers to one or more related instances of the Event class.,recommended
event,parentEvent_fk,fk,part of,event,event_pk,Event (Foreign Key),An identifier for an ltc:Event.,The value in this field MAY be changed in aggregation to preserve the relationship to the (Primary Key).,,string,default,FALSE,TRUE,,,ltc,http://rs.tdwg.org/ltc/terms/hasParentEvent,http://rs.tdwg.org/ltc/terms/version/hasParentEvent-2024-02-28,This property refers to one or more related parent instances of the Event class.,recommended
event,eventName,,,,,Event Name,The name commonly used to identify or refer to the event.,,"`Trawl 3.42`, ` Voyage of the Rattlesnake 1846-1850`, `Donner-Reed Party`",string,default,,,,,ltc,http://rs.tdwg.org/ltc/terms/eventName,http://rs.tdwg.org/ltc/terms/version/eventName-2024-02-28,The name commonly used to identify or refer to the event.,recommended
event,samplingProtocol,,,,,Sampling Protocol,"The names of, references to, or descriptions of the methods or protocols used during an Event.",The primary use of this property is to describe the methods or protocols used to gather objects in the collection.,"`UV light trap`, `mist net`, `bottom trawl`, `ad hoc observation`, `Penguins from space: faecal stains reveal the location of emperor penguin colonies, https://doi.org/10.1111/j.1466-8238.2009.00467.x`, `Takats et al. 2001. Guidelines for Nocturnal Owl Monitoring in North America. Beaverhill Bird Observatory and Bird Studies Canada, Edmonton, Alberta. 32 pp., http://www.bsc-eoc.org/download/Owl.pdf`",array,default,,,,,dwc,http://rs.tdwg.org/dwc/terms/samplingProtocol,http://rs.tdwg.org/dwc/terms/version/samplingProtocol-2026-05-26,"The names of, references to, or descriptions of the methods or protocols used during a dwc:Event.",recommended
event,verbatimEventDate,,,,,Verbatim Event Date,The verbatim original representation of the date and time information for an Event.,,"`spring 1910`, `Marzo 2002`, `1999-03-XX`, `17IV1934`",string,default,,,,,dwc,http://rs.tdwg.org/dwc/terms/verbatimEventDate,http://rs.tdwg.org/dwc/terms/version/verbatimEventDate-2026-05-26,The verbatim original representation of the date and time information for a dwc:Event.,recommended
geographic-context,geographicContext_pk,pk,,,,Geographic Context (Primary Key),A unique identifier for an ltc:GeographicContext.,The value in this field MAY be changed in aggregation to guarantee uniqueness.,,string,default,TRUE,TRUE,,,ltc,http://example.com/term-pending/geographicContextID,,A unique identifier for an ltc:GeographicContext.,recommended
geographic-context,event_fk,fk,for,event,event_pk,Event (Foreign Key),An identifier for an ltc:Event.,"The value in this field MAY be changed in aggregation to preserve the relationship to the (Primary Key). Optional: a row belongs to exactly one parent, so populate exactly one of this table's parent foreign keys.",,string,default,FALSE,FALSE,,,ltc,http://rs.tdwg.org/ltc/terms/hasGeographicContext,http://rs.tdwg.org/ltc/terms/version/hasGeographicContext-2024-02-28,This property refers to one or more related instances of the GeographicContext class.,recommended
geographic-context,objectGroup_fk,fk,for,object-group,objectGroup_pk,Object Group (Foreign Key),An identifier for an ltc:ObjectGroup.,"The value in this field MAY be changed in aggregation to preserve the relationship to the (Primary Key). Optional: a row belongs to exactly one parent, so populate exactly one of this table's parent foreign keys.",,string,default,FALSE,FALSE,,,ltc,http://rs.tdwg.org/ltc/terms/hasGeographicContext,http://rs.tdwg.org/ltc/terms/version/hasGeographicContext-2024-02-28,This property refers to one or more related instances of the GeographicContext class.,recommended
geographic-context,continent,,,,,Continent,The name of the continent in which the Location occurs.,The name of the continent in which the GeographicContext is located. Based on best practice Getty Thesaurus of Geographic Names. --> http://www.getty.edu/vow/TGNHierarchy?find=&place=&nation=&english=Y&subjectid=7029392. For cultural collections such as economic botany use the Region field to record things like Pacific to replace Oceania.,"`Africa`, `Antarctica`, `Asia`, `Europe`, `North America`, `Oceania`, `South America`",string,default,,,,,dwc,http://rs.tdwg.org/dwc/terms/continent,http://rs.tdwg.org/dwc/terms/version/continent-2023-06-28,The name of the continent in which the dcterms:Location occurs.,recommended
geographic-context,country,,,,,Country,The name of the country or major administrative unit in which the Location occurs.,The name of the country or major administrative unit in which the GeographicContext is located. Recommended best practice is to use a controlled vocabulary such as the Getty Thesaurus of Geographic Names,"`Angola`, `Denmark`, `Colombia`, `Españax`",string,default,,,,,dwc,http://rs.tdwg.org/dwc/terms/country,http://rs.tdwg.org/dwc/terms/version/country-2023-06-28,The name of the country or major administrative unit in which the dcterms:Location occurs.,recommended
geographic-context,countryCode,,,,,Country Code,The standard code for the country in which the Location occurs.,The standard code for the country in which the GeographicContext is located. Recommended best practice is to use an ISO 3166-1-alpha-2 country code.,"`AR`, `SV`",string,default,,,,,dwc,http://rs.tdwg.org/dwc/terms/countryCode,http://rs.tdwg.org/dwc/terms/version/countryCode-2026-05-26,The standard code for the country in which the dcterms:Location occurs.,recommended
geographic-context,county,,,,,Second Order Division,"The full, unabbreviated name of the next smaller administrative region than stateProvince (county, shire, department, etc.) in which the Location occurs.","The full, unabbreviated name of the next smaller administrative region than stateProvince (county, shire, department, etc.) in which the GeographicContext is located. Recommended best practice is to use a controlled vocabulary such as the Getty Thesaurus of Geographic Names and to leave this field blank if the Location spans multiple entities at this administrative level or is uncertain.","`Missoula`, `Los Lagos`, `Mataró`",string,default,,,,,dwc,http://rs.tdwg.org/dwc/terms/county,http://rs.tdwg.org/dwc/terms/version/county-2023-06-28,"The full, unabbreviated name of the next smaller administrative region than stateProvince (county, shire, department, etc.) in which the dcterms:Location occurs.",recommended
geographic-context,island,,,,,Island,The name of the island on or near which the Location occurs.,The name of the island on or near which the GeographicContext is located. Recommended best practice is to use a controlled vocabulary such as the Getty Thesaurus of Geographic Names.,"`Nosy Be`, `Bikini Atoll`, `Vancouver`, `Viti Levu`, `Zanzibar`",string,default,,,,,dwc,http://rs.tdwg.org/dwc/terms/island,http://rs.tdwg.org/dwc/terms/version/island-2023-06-28,The name of the island on or near which the dcterms:Location occurs.,recommended
geographic-context,islandGroup,,,,,Island Group,The name of the island group in which the Location occurs.,The name of the island group in which the location occurs. Recommended best practice is to use a controlled vocabulary such as the Getty Thesaurus of Geographic Names.,"`Alexander Archipelago`, `Archipiélago Diego Ramírez`, `Seychelles`",string,default,,,,,dwc,http://rs.tdwg.org/dwc/terms/islandGroup,http://rs.tdwg.org/dwc/terms/version/islandGroup-2023-06-28,The name of the island group in which the dcterms:Location occurs.,recommended
geographic-context,locality,,,,,Locality,The specific description of the place.,"Less specific geographic information can be provided in other geographic terms (continent, waterBody). This term may contain information modified from the original to correct perceived errors or standardize the description.","`Bariloche, 25 km NNE via Ruta Nacional 40 (=Ruta 237).`",string,default,,,,,dwc,http://rs.tdwg.org/dwc/terms/locality,http://rs.tdwg.org/dwc/terms/version/locality-2023-06-28,The specific description of the place.,recommended
geographic-context,municipality,,,,,Municipality,"The full, unabbreviated name of the next smaller administrative region than county (city, municipality, etc.) in which the Location occurs. Do not use this term for a nearby named place that does not contain the actual location.","The full, unabbreviated name of the next smaller administrative region than county (city, municipality, etc.) in which the GeographicContext is located. Do not use this term for a nearby named place that does not contain the actual location. Recommended best practice is to use a controlled vocabulary such as the Getty Thesaurus of Geographic Names.","`Holzminden`, `Araçatuba`, `Ga-Segonyana`",string,default,,,,,dwc,http://rs.tdwg.org/dwc/terms/municipality,http://rs.tdwg.org/dwc/terms/version/municipality-2023-06-28,"The full, unabbreviated name of the next smaller administrative region than county (city, municipality, etc.) in which the dcterms:Location occurs. Do not use this term for a nearby named place that does not contain the actual dcterms:Location.",recommended
geographic-context,region,,,,,Region,The name of a spatial region or named place of any size within an individual or multiple administrative areas.,"Recommended best practice is to use this field in situations where the administrative location fields (country, stateProvince, county, etc.) provide insufficient description. For geological collections examples include basins, provinces, and fossil deposits.","Multi-country: `North European Plain`, Multi-state/Province: `Pacific Northwest`, Waterbody: `Southern`, Geological basins and provinces: `Michigan Basin`, `Mazon Creek`, `Bundenbach`",string,default,,,,,ltc,http://rs.tdwg.org/ltc/terms/region,http://rs.tdwg.org/ltc/terms/version/region-2024-02-28,The name of a spatial region or named place of any size within an individual or multiple administrative areas.,recommended
geographic-context,stateProvince,,,,,First Order Division,"The name of the next smaller administrative region than country (state, province, canton, department, region, etc.) in which the Location occurs.","The name of the next smaller administrative region than country (state, province, canton, department, region, etc.) in which the GeographicContext is located. Recommended best practice is to use a controlled vocabulary such as the Getty Thesaurus of Geographic Names and to leave this field blank if the Location spans multiple entities at this administrative level or is uncertain.","`Montana`, `Minas Gerais`, `Córdoba`",string,default,,,,,dwc,http://rs.tdwg.org/dwc/terms/stateProvince,http://rs.tdwg.org/dwc/terms/version/stateProvince-2023-06-28,"The name of the next smaller administrative region than country (state, province, canton, department, region, etc.) in which the dcterms:Location occurs.",recommended
geographic-context,waterBody,,,,,Water Body,The name of the water body in which the Location occurs.,"The name of the water body in which the GeographicContext is located. This is intended to define the lowest water body or aquatic feature that defines the geographical constraints of aquatic collections below ocean. Suggestions for appropriate vocabularies include: HydroLAKES (https://www.hydrosheds.org/page/hydrolakes), a database aiming to provide the shoreline polygons of all global lakes with a surface area of at least 10 ha, the 'water body' term in the OBO ontology (http://purl.obolibrary.org/obo/ENVO_00000063) and, for marine water bodies, IHO Sea Areas (http://www.vliz.be/en/imis?dasid=5444&doiid=323).","`Baltic Sea`, `Hudson River`, `Lago Nahuel Huapi`",string,default,,,,,dwc,http://rs.tdwg.org/dwc/terms/waterBody,http://rs.tdwg.org/dwc/terms/version/waterBody-2023-06-28,The name of the water body in which the dcterms:Location occurs.,recommended
geographic-context,waterBodyType,,,,,Waterbody Type,A term that indicates the aquatic order of a waterbody.,"Recommendation is to use a controlled vocabulary, such as those fuind at https://www.usgs.gov/mission-areas/water-resources/science/types-water and https://sciencetrends.com/types-bodies-water-complete-list/.","`Ocean`, `Sea`, `Lake`, `Pond`, `River`",string,default,,,,,ltc,http://rs.tdwg.org/ltc/terms/waterBodyType,http://rs.tdwg.org/ltc/terms/version/waterBodyType-2024-02-28,A term that indicates the aquatic order of a waterbody.,recommended
geological-context,geologicalContext_pk,pk,,,,Geological Context (Primary Key),A unique identifier for an ltc:GeologicalContext.,The value in this field MAY be changed in aggregation to guarantee uniqueness.,,string,default,TRUE,TRUE,,,ltc,http://example.com/term-pending/geologicalContextID,,A unique identifier for an ltc:GeologicalContext.,recommended
geological-context,objectGroup_fk,fk,for,object-group,objectGroup_pk,Object Group (Foreign Key),An identifier for an ltc:ObjectGroup.,The value in this field MAY be changed in aggregation to preserve the relationship to the (Primary Key).,,string,default,FALSE,TRUE,,,ltc,http://rs.tdwg.org/ltc/terms/hasGeologicalContext,http://rs.tdwg.org/ltc/terms/version/hasGeologicalContext-2024-02-28,This property refers to one or more related instances of the GeologicalContext class.,recommended
geological-context,bed,,,,,Bed,The full name of the lithostratigraphic bed from which the cataloged item was collected.,The full name of the lithostratigraphic bed from which the objects in the collection originated. Recommended vocabulary: https://ngmdb.usgs.gov/Geolex/search,"`Beecher Trilobite Bed`, `McAbee Fossil Beds`, `Ashfall Fossil Beds`, `Nut Beds`",string,default,,,,,dwc,http://rs.tdwg.org/dwc/terms/bed,http://rs.tdwg.org/dwc/terms/version/bed-2023-09-13,The full name of the lithostratigraphic bed from which the dwc:MaterialEntity was collected.,recommended
geological-context,earliestAgeOrLowestStage,,,,,Earliest Age Or Lowest Stage,The full name of the earliest possible geochronologic age or lowest chronostratigraphic stage attributable to the stratigraphic horizon from which the cataloged item was collected.,"The full name of the earliest possible geochronologic age or lowest chronostratigraphic stage attributable to the stratigraphic horizon from which objects in the collection originated. Recommended vocabularies: https://stratigraphy.org/chart, https://timescalefoundation.org/resources/geowhen/index.html","`Atlantic`, `Boreal`, `Frasnian`, `Hirnantian`, `Maastrichtian`, `Bridgerian`",string,default,,,,,dwc,http://rs.tdwg.org/dwc/terms/earliestAgeOrLowestStage,http://rs.tdwg.org/dwc/terms/version/earliestAgeOrLowestStage-2023-09-13,The full name of the earliest possible geochronologic age or lowest chronostratigraphic stage attributable to the stratigraphic horizon from which the dwc:MaterialEntity was collected.,recommended
geological-context,earliestEonOrLowestEonothem,,,,,Earliest Eon Or Lowest Eonothem,The full name of the earliest possible geochronologic eon or lowest chrono-stratigraphic eonothem or the informal name (Precambrian) attributable to the stratigraphic horizon from which the cataloged item was collected.,"The full name of the earliest possible geochronologic eon or lowest chrono-stratigraphic eonothem or the informal name (Precambrian) attributable to the stratigraphic horizon from which the objects in the collection originated. Recommended vocabularies: https://stratigraphy.org/chart, https://timescalefoundation.org/resources/geowhen/index.html","`Phanerozoic`, `Proterozoic`, `Arechean`, `Hadean`",string,default,,,,,dwc,http://rs.tdwg.org/dwc/terms/earliestEonOrLowestEonothem,http://rs.tdwg.org/dwc/terms/version/earliestEonOrLowestEonothem-2026-05-26,The full name of the earliest possible geochronologic eon or lowest chronostratigraphic eonothem or the informal name attributable to the stratigraphic horizon from which the dwc:MaterialEntity was collected.,recommended
geological-context,earliestEpochOrLowestSeries,,,,,Earliest Epoch Or Lowest Series,The full name of the earliest possible geochronologic epoch or lowest chronostratigraphic series attributable to the stratigraphic horizon from which the cataloged item was collected.,"The full name of the earliest possible geochronologic epoch or lowest chronostratigraphic series attributable to the stratigraphic horizon from which objects in the collection originated. Recommended vocabularies: https://stratigraphy.org/chart, https://timescalefoundation.org/resources/geowhen/index.html","`Holocene`, `Pleistocene`, `Ibexian`, `Late Devonian`",string,default,,,,,dwc,http://rs.tdwg.org/dwc/terms/earliestEpochOrLowestSeries,http://rs.tdwg.org/dwc/terms/version/earliestEpochOrLowestSeries-2023-09-13,The full name of the earliest possible geochronologic epoch or lowest chronostratigraphic series attributable to the stratigraphic horizon from which the dwc:MaterialEntity was collected.,recommended
geological-context,earliestEraOrLowestErathem,,,,,Earliest Era Or Lowest Erathem,The full name of the earliest possible geochronologic era or lowest chronostratigraphic erathem attributable to the stratigraphic horizon from which the cataloged item was collected.,"The full name of the earliest possible geochronologic era or lowest chronostratigraphic erathem attributable to the stratigraphic horizon from which the objects in the collection originated. Recommended vocabularies: https://stratigraphy.org/chart, https://timescalefoundation.org/resources/geowhen/index.html","`Cenozoic`, `Mesozoic`, `Paleozoic`, `Neoproterozoic`",string,default,,,,,dwc,http://rs.tdwg.org/dwc/terms/earliestEraOrLowestErathem,http://rs.tdwg.org/dwc/terms/version/earliestEraOrLowestErathem-2023-09-13,The full name of the earliest possible geochronologic era or lowest chronostratigraphic erathem attributable to the stratigraphic horizon from which the dwc:MaterialEntity was collected.,recommended
geological-context,earliestPeriodOrLowestSystem,,,,,Earliest Period Or Lowest System,The full name of the earliest possible geochronologic period or lowest chronostratigraphic system attributable to the stratigraphic horizon from which the cataloged item was collected.,"The full name of the earliest possible geochronologic period or lowest chronostratigraphic system attributable to the stratigraphic horizon from which objects in the collection originated. Recommended vocabularies: https://stratigraphy.org/chart, https://timescalefoundation.org/resources/geowhen/index.html","`Neogene`, `Quaternary`, `Jurassic`, `Devonian`",string,default,,,,,dwc,http://rs.tdwg.org/dwc/terms/earliestPeriodOrLowestSystem,http://rs.tdwg.org/dwc/terms/version/earliestPeriodOrLowestSystem-2023-09-13,The full name of the earliest possible geochronologic period or lowest chronostratigraphic system attributable to the stratigraphic horizon from which the dwc:MaterialEntity was collected.,recommended
geological-context,formation,,,,,Formation,The full name of the lithostratigraphic formation from which the cataloged item was collected.,The full name of the lithostratigraphic formation from which objects in the collection originated. Recommended vocabulary: https://ngmdb.usgs.gov/Geolex/search,"`Notch Peak Formation`, ` House Limestone`, `Fillmore Formation`, `Redwall Limestone`",string,default,,,,,dwc,http://rs.tdwg.org/dwc/terms/formation,http://rs.tdwg.org/dwc/terms/version/formation-2023-09-13,The full name of the lithostratigraphic formation from which the dwc:MaterialEntity was collected.,recommended
geological-context,group,,,,,Group,The full name of the lithostratigraphic group from which the cataloged item was collected.,The full name of the lithostratigraphic group from which the objects in the collection originated. Recommended vocabulary: https://ngmdb.usgs.gov/Geolex/search,"`Bathurst`, `Wealden`, `Elk Mound`, `Supai`",string,default,,,,,dwc,http://rs.tdwg.org/dwc/terms/group,http://rs.tdwg.org/dwc/terms/version/group-2023-09-13,The full name of the lithostratigraphic group from which the dwc:MaterialEntity was collected.,recommended
geological-context,latestAgeOrHighestStage,,,,,Latest Age Or Highest Stage,The full name of the latest possible geochronologic age or highest chronostratigraphic stage attributable to the stratigraphic horizon from which the cataloged item was collected.,"The full name of the latest possible geochronologic age or highest chronostratigraphic stage attributable to the stratigraphic horizon from which objects in the collection originated. Recommended vocabularies: https://stratigraphy.org/chart, https://timescalefoundation.org/resources/geowhen/index.html","`Atlantic`, `Boreal`",string,default,,,,,dwc,http://rs.tdwg.org/dwc/terms/latestAgeOrHighestStage,http://rs.tdwg.org/dwc/terms/version/latestAgeOrHighestStage-2023-09-13,The full name of the latest possible geochronologic age or highest chronostratigraphic stage attributable to the stratigraphic horizon from which the dwc:MaterialEntity was collected.,recommended
geological-context,latestEonOrHighestEonothem,,,,,Latest Eon Or Highest Eonothem,The full name of the latest possible geochronologic eon or highest chrono-stratigraphic eonothem or the informal name (Precambrian) attributable to the stratigraphic horizon from which the cataloged item was collected.,"The full name of the latest possible geochronologic eon or highest chrono-stratigraphic eonothem or the informal name (Precambrian) attributable to the stratigraphic horizon from which the objects in the collection originated. Recommended vocabularies: https://stratigraphy.org/chart, https://timescalefoundation.org/resources/geowhen/index.html","`Phanerozoic`, `Proterozoic`",string,default,,,,,dwc,http://rs.tdwg.org/dwc/terms/latestEonOrHighestEonothem,http://rs.tdwg.org/dwc/terms/version/latestEonOrHighestEonothem-2026-05-26,The full name of the latest possible geochronologic eon or highest chronostratigraphic eonothem or the informal name attributable to the stratigraphic horizon from which the dwc:MaterialEntity was collected.,recommended
geological-context,latestEpochOrHighestSeries,,,,,Latest Epoch Or Highest Series,The full name of the latest possible geochronologic epoch or highest chronostratigraphic series attributable to the stratigraphic horizon from which the cataloged item was collected.,"The full name of the latest possible geochronologic epoch or highest chronostratigraphic series attributable to the stratigraphic horizon from which objects in the collection originated. Recommended vocabularies: https://stratigraphy.org/chart, https://timescalefoundation.org/resources/geowhen/index.html","`Holocene`, `Pleistocene`",string,default,,,,,dwc,http://rs.tdwg.org/dwc/terms/latestEpochOrHighestSeries,http://rs.tdwg.org/dwc/terms/version/latestEpochOrHighestSeries-2023-09-13,The full name of the latest possible geochronologic epoch or highest chronostratigraphic series attributable to the stratigraphic horizon from which the dwc:MaterialEntity was collected.,recommended
geological-context,latestEraOrHighestErathem,,,,,Latest Era Or Highest Erathem,The full name of the latest possible geochronologic era or highest chronostratigraphic erathem attributable to the stratigraphic horizon from which the cataloged item was collected.,"The full name of the latest possible geochronologic era or highest chronostratigraphic erathem attributable to the stratigraphic horizon from which objects in the collection originated. Recommended vocabularies: https://stratigraphy.org/chart, https://timescalefoundation.org/resources/geowhen/index.html","`Cenozoic`, `Mesozoic`",string,default,,,,,dwc,http://rs.tdwg.org/dwc/terms/latestEraOrHighestErathem,http://rs.tdwg.org/dwc/terms/version/latestEraOrHighestErathem-2023-09-13,The full name of the latest possible geochronologic era or highest chronostratigraphic erathem attributable to the stratigraphic horizon from which the dwc:MaterialEntity was collected.,recommended
geological-context,latestPeriodOrHighestSystem,,,,,Latest Period Or Highest System,The full name of the latest possible geochronologic period or highest chronostratigraphic system attributable to the stratigraphic horizon from which the cataloged item was collected.,"The full name of the latest possible geochronologic period or highest chronostratigraphic system attributable to the stratigraphic horizon from which objects in the collection originated. Recommended vocabularies: https://stratigraphy.org/chart, https://timescalefoundation.org/resources/geowhen/index.html","`Neogene`, `Tertiary`, `Quaternary`",string,default,,,,,dwc,http://rs.tdwg.org/dwc/terms/latestPeriodOrHighestSystem,http://rs.tdwg.org/dwc/terms/version/latestPeriodOrHighestSystem-2023-09-13,The full name of the latest possible geochronologic period or highest chronostratigraphic system attributable to the stratigraphic horizon from which the dwc:MaterialEntity was collected.,recommended
geological-context,member,,,,,Member,The full name of the lithostratigraphic member from which the cataloged item was collected.,The full name of the lithostratigraphic member from which objects in the collection originated. Recommend vocabulary: https://ngmdb.usgs.gov/Geolex/search,"`Lava Dam Member`, `Hellnmaria Member`, `Francis Creek Shale`",string,default,,,,,dwc,http://rs.tdwg.org/dwc/terms/member,http://rs.tdwg.org/dwc/terms/version/member-2023-09-13,The full name of the lithostratigraphic member from which the dwc:MaterialEntity was collected.,recommended
geological-context,supergroup,,,,,Supergroup,The full name of the lithostratigraphic supergroup from which the cataloged item was collected.,A supergroup is a formal assemblage of related or superposed groups or of groups and formations. Such units have proved useful in regional and provincial syntheses. Supergroups should be named only where their recognition serves a clear purpose. Recommended vocabulary. At time of inclusion this term is in progress of being included as part of dwc tdwg/dwc#234,"`Karoe`, `Cape`",string,default,,,,,ltc,http://rs.tdwg.org/ltc/terms/supergroup,http://rs.tdwg.org/ltc/terms/version/supergroup-2024-02-28,The full name of the lithostratigraphic supergroup from which the cataloged item was collected.,recommended
identifier,identifier_pk,pk,,,,Identifier (Primary Key),A unique identifier for an ltc:Identifier.,The value in this field MAY be changed in aggregation to guarantee uniqueness.,,string,default,TRUE,TRUE,,,ltc,http://example.com/term-pending/identifierID,,A unique identifier for an ltc:Identifier.,recommended
identifier,address_fk,fk,for,address,address_pk,Address (Foreign Key),An identifier for an ltc:Address.,"The value in this field MAY be changed in aggregation to preserve the relationship to the (Primary Key). Optional: a row belongs to exactly one parent, so populate exactly one of this table's parent foreign keys.",,string,default,FALSE,FALSE,,,ltc,http://rs.tdwg.org/ltc/terms/hasIdentifier,http://rs.tdwg.org/ltc/terms/version/hasIdentifier-2024-02-28,This property refers to one or more related instances of the Identifier class.,recommended
identifier,chronometricAge_fk,fk,for,chronometric-age,chronometricAge_pk,Chronometric Age (Foreign Key),An identifier for an ltc:ChronometricAge.,"The value in this field MAY be changed in aggregation to preserve the relationship to the (Primary Key). Optional: a row belongs to exactly one parent, so populate exactly one of this table's parent foreign keys.",,string,default,FALSE,FALSE,,,ltc,http://rs.tdwg.org/ltc/terms/hasIdentifier,http://rs.tdwg.org/ltc/terms/version/hasIdentifier-2024-02-28,This property refers to one or more related instances of the Identifier class.,recommended
identifier,collectionStatusHistory_fk,fk,for,collection-status-history,collectionStatusHistory_pk,Collection Status History (Foreign Key),An identifier for an ltc:CollectionStatusHistory.,"The value in this field MAY be changed in aggregation to preserve the relationship to the (Primary Key). Optional: a row belongs to exactly one parent, so populate exactly one of this table's parent foreign keys.",,string,default,FALSE,FALSE,,,ltc,http://rs.tdwg.org/ltc/terms/hasIdentifier,http://rs.tdwg.org/ltc/terms/version/hasIdentifier-2024-02-28,This property refers to one or more related instances of the Identifier class.,recommended
identifier,contactDetail_fk,fk,for,contact-detail,contactDetail_pk,Contact Detail (Foreign Key),An identifier for an ltc:ContactDetail.,"The value in this field MAY be changed in aggregation to preserve the relationship to the (Primary Key). Optional: a row belongs to exactly one parent, so populate exactly one of this table's parent foreign keys.",,string,default,FALSE,FALSE,,,ltc,http://rs.tdwg.org/ltc/terms/hasIdentifier,http://rs.tdwg.org/ltc/terms/version/hasIdentifier-2024-02-28,This property refers to one or more related instances of the Identifier class.,recommended
identifier,ecologicalContext_fk,fk,for,ecological-context,ecologicalContext_pk,Ecological Context (Foreign Key),An identifier for an ltc:EcologicalContext.,"The value in this field MAY be changed in aggregation to preserve the relationship to the (Primary Key). Optional: a row belongs to exactly one parent, so populate exactly one of this table's parent foreign keys.",,string,default,FALSE,FALSE,,,ltc,http://rs.tdwg.org/ltc/terms/hasIdentifier,http://rs.tdwg.org/ltc/terms/version/hasIdentifier-2024-02-28,This property refers to one or more related instances of the Identifier class.,recommended
identifier,event_fk,fk,for,event,event_pk,Event (Foreign Key),An identifier for an ltc:Event.,"The value in this field MAY be changed in aggregation to preserve the relationship to the (Primary Key). Optional: a row belongs to exactly one parent, so populate exactly one of this table's parent foreign keys.",,string,default,FALSE,FALSE,,,ltc,http://rs.tdwg.org/ltc/terms/hasIdentifier,http://rs.tdwg.org/ltc/terms/version/hasIdentifier-2024-02-28,This property refers to one or more related instances of the Identifier class.,recommended
identifier,geographicContext_fk,fk,for,geographic-context,geographicContext_pk,Geographic Context (Foreign Key),An identifier for an ltc:GeographicContext.,"The value in this field MAY be changed in aggregation to preserve the relationship to the (Primary Key). Optional: a row belongs to exactly one parent, so populate exactly one of this table's parent foreign keys.",,string,default,FALSE,FALSE,,,ltc,http://rs.tdwg.org/ltc/terms/hasIdentifier,http://rs.tdwg.org/ltc/terms/version/hasIdentifier-2024-02-28,This property refers to one or more related instances of the Identifier class.,recommended
identifier,geologicalContext_fk,fk,for,geological-context,geologicalContext_pk,Geological Context (Foreign Key),An identifier for an ltc:GeologicalContext.,"The value in this field MAY be changed in aggregation to preserve the relationship to the (Primary Key). Optional: a row belongs to exactly one parent, so populate exactly one of this table's parent foreign keys.",,string,default,FALSE,FALSE,,,ltc,http://rs.tdwg.org/ltc/terms/hasIdentifier,http://rs.tdwg.org/ltc/terms/version/hasIdentifier-2024-02-28,This property refers to one or more related instances of the Identifier class.,recommended
identifier,latimerCoreScheme_fk,fk,for,latimer-core-scheme,latimerCoreScheme_pk,Latimer Core Scheme (Foreign Key),An identifier for an ltc:LatimerCoreScheme.,"The value in this field MAY be changed in aggregation to preserve the relationship to the (Primary Key). Optional: a row belongs to exactly one parent, so populate exactly one of this table's parent foreign keys.",,string,default,FALSE,FALSE,,,ltc,http://rs.tdwg.org/ltc/terms/hasIdentifier,http://rs.tdwg.org/ltc/terms/version/hasIdentifier-2024-02-28,This property refers to one or more related instances of the Identifier class.,recommended
identifier,measurementOrFact_fk,fk,for,measurement-or-fact,measurementOrFact_pk,Measurement or Fact (Foreign Key),An identifier for an ltc:MeasurementOrFact.,"The value in this field MAY be changed in aggregation to preserve the relationship to the (Primary Key). Optional: a row belongs to exactly one parent, so populate exactly one of this table's parent foreign keys.",,string,default,FALSE,FALSE,,,ltc,http://rs.tdwg.org/ltc/terms/hasIdentifier,http://rs.tdwg.org/ltc/terms/version/hasIdentifier-2024-02-28,This property refers to one or more related instances of the Identifier class.,recommended
identifier,objectClassification_fk,fk,for,object-classification,objectClassification_pk,Object Classification (Foreign Key),An identifier for an ltc:ObjectClassification.,"The value in this field MAY be changed in aggregation to preserve the relationship to the (Primary Key). Optional: a row belongs to exactly one parent, so populate exactly one of this table's parent foreign keys.",,string,default,FALSE,FALSE,,,ltc,http://rs.tdwg.org/ltc/terms/hasIdentifier,http://rs.tdwg.org/ltc/terms/version/hasIdentifier-2024-02-28,This property refers to one or more related instances of the Identifier class.,recommended
identifier,objectGroup_fk,fk,for,object-group,objectGroup_pk,Object Group (Foreign Key),An identifier for an ltc:ObjectGroup.,"The value in this field MAY be changed in aggregation to preserve the relationship to the (Primary Key). Optional: a row belongs to exactly one parent, so populate exactly one of this table's parent foreign keys.",,string,default,FALSE,FALSE,,,ltc,http://rs.tdwg.org/ltc/terms/hasIdentifier,http://rs.tdwg.org/ltc/terms/version/hasIdentifier-2024-02-28,This property refers to one or more related instances of the Identifier class.,recommended
identifier,organisationalUnit_fk,fk,for,organisational-unit,organisationalUnit_pk,Organisational Unit (Foreign Key),An identifier for an ltc:OrganisationalUnit.,"The value in this field MAY be changed in aggregation to preserve the relationship to the (Primary Key). Optional: a row belongs to exactly one parent, so populate exactly one of this table's parent foreign keys.",,string,default,FALSE,FALSE,,,ltc,http://rs.tdwg.org/ltc/terms/hasIdentifier,http://rs.tdwg.org/ltc/terms/version/hasIdentifier-2024-02-28,This property refers to one or more related instances of the Identifier class.,recommended
identifier,person_fk,fk,for,person,person_pk,Person (Foreign Key),An identifier for an ltc:Person.,"The value in this field MAY be changed in aggregation to preserve the relationship to the (Primary Key). Optional: a row belongs to exactly one parent, so populate exactly one of this table's parent foreign keys.",,string,default,FALSE,FALSE,,,ltc,http://rs.tdwg.org/ltc/terms/hasIdentifier,http://rs.tdwg.org/ltc/terms/version/hasIdentifier-2024-02-28,This property refers to one or more related instances of the Identifier class.,recommended
identifier,personRole_fk,fk,for,person-role,personRole_pk,Person Role (Foreign Key),An identifier for an ltc:PersonRole.,"The value in this field MAY be changed in aggregation to preserve the relationship to the (Primary Key). Optional: a row belongs to exactly one parent, so populate exactly one of this table's parent foreign keys.",,string,default,FALSE,FALSE,,,ltc,http://rs.tdwg.org/ltc/terms/hasIdentifier,http://rs.tdwg.org/ltc/terms/version/hasIdentifier-2024-02-28,This property refers to one or more related instances of the Identifier class.,recommended
identifier,recordLevel_fk,fk,for,record-level,recordLevel_pk,Record Level (Foreign Key),An identifier for an ltc:RecordLevel.,"The value in this field MAY be changed in aggregation to preserve the relationship to the (Primary Key). Optional: a row belongs to exactly one parent, so populate exactly one of this table's parent foreign keys.",,string,default,FALSE,FALSE,,,ltc,http://rs.tdwg.org/ltc/terms/hasIdentifier,http://rs.tdwg.org/ltc/terms/version/hasIdentifier-2024-02-28,"This property refers to one or more related instances of the Identifier class. Every RecordLevel class must contain at least one Identifier, preferably a PID.",recommended
identifier,reference_fk,fk,for,reference,reference_pk,Reference (Foreign Key),An identifier for an ltc:Reference.,"The value in this field MAY be changed in aggregation to preserve the relationship to the (Primary Key). Optional: a row belongs to exactly one parent, so populate exactly one of this table's parent foreign keys.",,string,default,FALSE,FALSE,,,ltc,http://rs.tdwg.org/ltc/terms/hasIdentifier,http://rs.tdwg.org/ltc/terms/version/hasIdentifier-2024-02-28,This property refers to one or more related instances of the Identifier class.,recommended
identifier,resourceRelationship_fk,fk,for,resource-relationship,resourceRelationship_pk,Resource Relationship (Foreign Key),An identifier for an ltc:ResourceRelationship.,"The value in this field MAY be changed in aggregation to preserve the relationship to the (Primary Key). Optional: a row belongs to exactly one parent, so populate exactly one of this table's parent foreign keys.",,string,default,FALSE,FALSE,,,ltc,http://rs.tdwg.org/ltc/terms/hasIdentifier,http://rs.tdwg.org/ltc/terms/version/hasIdentifier-2024-02-28,This property refers to one or more related instances of the Identifier class.,recommended
identifier,role_fk,fk,for,role,role_pk,Role (Foreign Key),An identifier for an ltc:Role.,"The value in this field MAY be changed in aggregation to preserve the relationship to the (Primary Key). Optional: a row belongs to exactly one parent, so populate exactly one of this table's parent foreign keys.",,string,default,FALSE,FALSE,,,ltc,http://rs.tdwg.org/ltc/terms/hasIdentifier,http://rs.tdwg.org/ltc/terms/version/hasIdentifier-2024-02-28,This property refers to one or more related instances of the Identifier class.,recommended
identifier,schemeMeasurementOrFact_fk,fk,for,scheme-measurement-or-fact,schemeMeasurementOrFact_pk,Scheme Measurement Or Fact (Foreign Key),An identifier for an ltc:SchemeMeasurementOrFact.,"The value in this field MAY be changed in aggregation to preserve the relationship to the (Primary Key). Optional: a row belongs to exactly one parent, so populate exactly one of this table's parent foreign keys.",,string,default,FALSE,FALSE,,,ltc,http://rs.tdwg.org/ltc/terms/hasIdentifier,http://rs.tdwg.org/ltc/terms/version/hasIdentifier-2024-02-28,This property refers to one or more related instances of the Identifier class.,recommended
identifier,schemeTerm_fk,fk,for,scheme-term,schemeTerm_pk,Scheme Term (Foreign Key),An identifier for an ltc:SchemeTerm.,"The value in this field MAY be changed in aggregation to preserve the relationship to the (Primary Key). Optional: a row belongs to exactly one parent, so populate exactly one of this table's parent foreign keys.",,string,default,FALSE,FALSE,,,ltc,http://rs.tdwg.org/ltc/terms/hasIdentifier,http://rs.tdwg.org/ltc/terms/version/hasIdentifier-2024-02-28,This property refers to one or more related instances of the Identifier class.,recommended
identifier,storageLocation_fk,fk,for,storage-location,storageLocation_pk,Storage Location (Foreign Key),An identifier for an ltc:StorageLocation.,"The value in this field MAY be changed in aggregation to preserve the relationship to the (Primary Key). Optional: a row belongs to exactly one parent, so populate exactly one of this table's parent foreign keys.",,string,default,FALSE,FALSE,,,ltc,http://rs.tdwg.org/ltc/terms/hasIdentifier,http://rs.tdwg.org/ltc/terms/version/hasIdentifier-2024-02-28,This property refers to one or more related instances of the Identifier class.,recommended
identifier,taxon_fk,fk,for,taxon,taxon_pk,Taxon (Foreign Key),An identifier for an ltc:Taxon.,"The value in this field MAY be changed in aggregation to preserve the relationship to the (Primary Key). Optional: a row belongs to exactly one parent, so populate exactly one of this table's parent foreign keys.",,string,default,FALSE,FALSE,,,ltc,http://rs.tdwg.org/ltc/terms/hasIdentifier,http://rs.tdwg.org/ltc/terms/version/hasIdentifier-2024-02-28,This property refers to one or more related instances of the Identifier class.,recommended
identifier,identifierSource,,,,,Identifier Source,The source or creator of the identifier.,"This term refers to the organisation, framework, software or database that minted the identifier represented in the identifier property.","`Index Herbariorum`, `GBIF Registry of Scientific Collections (GRSciColl)`, `CITES`, `IPEN`, `NHM UK 'Join the Dots' framework`",string,default,,,,,ltc,http://rs.tdwg.org/ltc/terms/identifierSource,http://rs.tdwg.org/ltc/terms/version/identifierSource-2024-02-28,The source or creator of the identifier.,recommended
identifier,identifierType,,,,,Identifier Type,The type and format of the value in the identifier field.,This property should be used to help people and software understand how the identifier can be used (e.g. whether it's a resolvable IRI) and validate the identifier based on format and composition (e.g. a valid UUID).,"`Acronym`, `IRI`, `UUID v4`",string,default,,TRUE,,,ltc,http://rs.tdwg.org/ltc/terms/identifierType,http://rs.tdwg.org/ltc/terms/version/identifierType-2024-02-28,The type and format of the value in the identifier field.,recommended
identifier,identifierValue,,,,,Identifier,"A textual or numeric identifier, acronym or IRI that provides an unambiguous reference for an entity within a given context.","This may be a simple value or resolvable IRI, and can reflect any identifier used to identify an entity (such as a collection, taxon, institution or person) included in the Collection Description.","`http://grscicoll.org/institutional-collection/osteology`, `https://www.gbif.org/grscicoll/collection/64232ca4-fd5a-4a3d-a1d5-ef812107472c`, `https://www.gbif.org/grscicoll/institution/52827361-5e82-43b7-b92a-f6ad98367fa5`, `http://sweetgum.nybg.org/science/ih/herbarium-details/?irn=126969`, `10.5072/example-full`, `NHMUK-Verts`, `BGBM`",string,default,,TRUE,,,ltc,http://rs.tdwg.org/ltc/terms/identifierValue,http://rs.tdwg.org/ltc/terms/version/identifierValue-2024-02-28,"A textual or numeric identifier, acronym or IRI that provides an unambiguous reference for an entity within a given context.",recommended
latimer-core-scheme,latimerCoreScheme_pk,pk,,,,Latimer Core Scheme (Primary Key),A unique identifier for an ltc:LatimerCoreScheme.,The value in this field MAY be changed in aggregation to guarantee uniqueness.,,string,default,TRUE,TRUE,,,ltc,http://example.com/term-pending/latimerCoreSchemeID,,A unique identifier for an ltc:LatimerCoreScheme.,recommended
latimer-core-scheme,basisOfScheme,,,,,Basis Of Scheme,A summary of the basis or purpose for the LatimerCoreScheme.,"This property is intended to summarise the reason for grouping a number of ObjectGroups within the LatimerCoreScheme, and the purpose for which the data is intended to be used. This may also be reflected in the terms and metrics defined using the SchemeTerm and SchemeMeasurementOrFact classes respectively. Using this approach, standard and reusable profiles within the wider Latimer Core standard may be constructed for common collection descriptions use cases.","`Accession`, `Inventory`, `Expedition`, `Digitisation planning`, `Collections assessment`, `Institution`, `Collections registry`",string,default,,,,,ltc,http://rs.tdwg.org/ltc/terms/basisOfScheme,http://rs.tdwg.org/ltc/terms/version/basisOfScheme-2024-02-28,A summary of the basis or purpose for the LatimerCoreScheme.,recommended
latimer-core-scheme,isDistinctObjects,,,,,Is Distinct Objects,A flag to designate whether a physical object may be described by more than one ObjectGroup within the LatimerCoreScheme.,"If isDistinctObjects is set to 'true', then no collection object should be covered by more than one object group within the LatimerCoreScheme. This is important for aggregating and reporting on metrics such as object counts, as it prevents any physical object from being counted more than once.","`true`, `false`",boolean,default,,TRUE,,,ltc,http://rs.tdwg.org/ltc/terms/isDistinctObjects,http://rs.tdwg.org/ltc/terms/version/isDistinctObjects-2024-02-28,A flag to designate whether a physical object may be described by more than one ObjectGroup within the LatimerCoreScheme.,recommended
latimer-core-scheme,schemeName,,,,,Scheme Name,A short descriptive name given to the LatimerCoreScheme.,,"`NHM Collections Inventory`, `Index Herbariorum`, `European Darwin Collections`",string,default,,TRUE,,,ltc,http://rs.tdwg.org/ltc/terms/schemeName,http://rs.tdwg.org/ltc/terms/version/schemeName-2024-02-28,A short descriptive name given to the LatimerCoreScheme.,recommended
measurement-or-fact,measurementOrFact_pk,pk,,,,Measurement or Fact (Primary Key),A unique identifier for an ltc:MeasurementOrFact.,The value in this field MAY be changed in aggregation to guarantee uniqueness.,,string,default,TRUE,TRUE,,,ltc,http://example.com/term-pending/measurementOrFactID,,A unique identifier for an ltc:MeasurementOrFact.,recommended
measurement-or-fact,chronometricAge_fk,fk,for,chronometric-age,chronometricAge_pk,Chronometric Age (Foreign Key),An identifier for an ltc:ChronometricAge.,"The value in this field MAY be changed in aggregation to preserve the relationship to the (Primary Key). Optional: a row belongs to exactly one parent, so populate exactly one of this table's parent foreign keys.",,string,default,FALSE,FALSE,,,ltc,http://rs.tdwg.org/ltc/terms/hasMeasurementOrFact,http://rs.tdwg.org/ltc/terms/version/hasMeasurementOrFact-2024-02-28,This property refers to one or more related instances of the MeasurementOrFact class.,recommended
measurement-or-fact,collectionStatusHistory_fk,fk,for,collection-status-history,collectionStatusHistory_pk,Collection Status History (Foreign Key),An identifier for an ltc:CollectionStatusHistory.,"The value in this field MAY be changed in aggregation to preserve the relationship to the (Primary Key). Optional: a row belongs to exactly one parent, so populate exactly one of this table's parent foreign keys.",,string,default,FALSE,FALSE,,,ltc,http://rs.tdwg.org/ltc/terms/hasMeasurementOrFact,http://rs.tdwg.org/ltc/terms/version/hasMeasurementOrFact-2024-02-28,This property refers to one or more related instances of the MeasurementOrFact class.,recommended
measurement-or-fact,ecologicalContext_fk,fk,for,ecological-context,ecologicalContext_pk,Ecological Context (Foreign Key),An identifier for an ltc:EcologicalContext.,"The value in this field MAY be changed in aggregation to preserve the relationship to the (Primary Key). Optional: a row belongs to exactly one parent, so populate exactly one of this table's parent foreign keys.",,string,default,FALSE,FALSE,,,ltc,http://rs.tdwg.org/ltc/terms/hasMeasurementOrFact,http://rs.tdwg.org/ltc/terms/version/hasMeasurementOrFact-2024-02-28,This property refers to one or more related instances of the MeasurementOrFact class.,recommended
measurement-or-fact,event_fk,fk,for,event,event_pk,Event (Foreign Key),An identifier for an ltc:Event.,"The value in this field MAY be changed in aggregation to preserve the relationship to the (Primary Key). Optional: a row belongs to exactly one parent, so populate exactly one of this table's parent foreign keys.",,string,default,FALSE,FALSE,,,ltc,http://rs.tdwg.org/ltc/terms/hasMeasurementOrFact,http://rs.tdwg.org/ltc/terms/version/hasMeasurementOrFact-2024-02-28,This property refers to one or more related instances of the MeasurementOrFact class.,recommended
measurement-or-fact,geographicContext_fk,fk,for,geographic-context,geographicContext_pk,Geographic Context (Foreign Key),An identifier for an ltc:GeographicContext.,"The value in this field MAY be changed in aggregation to preserve the relationship to the (Primary Key). Optional: a row belongs to exactly one parent, so populate exactly one of this table's parent foreign keys.",,string,default,FALSE,FALSE,,,ltc,http://rs.tdwg.org/ltc/terms/hasMeasurementOrFact,http://rs.tdwg.org/ltc/terms/version/hasMeasurementOrFact-2024-02-28,This property refers to one or more related instances of the MeasurementOrFact class.,recommended
measurement-or-fact,geologicalContext_fk,fk,for,geological-context,geologicalContext_pk,Geological Context (Foreign Key),An identifier for an ltc:GeologicalContext.,"The value in this field MAY be changed in aggregation to preserve the relationship to the (Primary Key). Optional: a row belongs to exactly one parent, so populate exactly one of this table's parent foreign keys.",,string,default,FALSE,FALSE,,,ltc,http://rs.tdwg.org/ltc/terms/hasMeasurementOrFact,http://rs.tdwg.org/ltc/terms/version/hasMeasurementOrFact-2024-02-28,This property refers to one or more related instances of the MeasurementOrFact class.,recommended
measurement-or-fact,objectClassification_fk,fk,for,object-classification,objectClassification_pk,Object Classification (Foreign Key),An identifier for an ltc:ObjectClassification.,"The value in this field MAY be changed in aggregation to preserve the relationship to the (Primary Key). Optional: a row belongs to exactly one parent, so populate exactly one of this table's parent foreign keys.",,string,default,FALSE,FALSE,,,ltc,http://rs.tdwg.org/ltc/terms/hasMeasurementOrFact,http://rs.tdwg.org/ltc/terms/version/hasMeasurementOrFact-2024-02-28,This property refers to one or more related instances of the MeasurementOrFact class.,recommended
measurement-or-fact,objectGroup_fk,fk,for,object-group,objectGroup_pk,Object Group (Foreign Key),An identifier for an ltc:ObjectGroup.,"The value in this field MAY be changed in aggregation to preserve the relationship to the (Primary Key). Optional: a row belongs to exactly one parent, so populate exactly one of this table's parent foreign keys.",,string,default,FALSE,FALSE,,,ltc,http://rs.tdwg.org/ltc/terms/hasMeasurementOrFact,http://rs.tdwg.org/ltc/terms/version/hasMeasurementOrFact-2024-02-28,This property refers to one or more related instances of the MeasurementOrFact class.,recommended
measurement-or-fact,organisationalUnit_fk,fk,for,organisational-unit,organisationalUnit_pk,Organisational Unit (Foreign Key),An identifier for an ltc:OrganisationalUnit.,"The value in this field MAY be changed in aggregation to preserve the relationship to the (Primary Key). Optional: a row belongs to exactly one parent, so populate exactly one of this table's parent foreign keys.",,string,default,FALSE,FALSE,,,ltc,http://rs.tdwg.org/ltc/terms/hasMeasurementOrFact,http://rs.tdwg.org/ltc/terms/version/hasMeasurementOrFact-2024-02-28,This property refers to one or more related instances of the MeasurementOrFact class.,recommended
measurement-or-fact,person_fk,fk,for,person,person_pk,Person (Foreign Key),An identifier for an ltc:Person.,"The value in this field MAY be changed in aggregation to preserve the relationship to the (Primary Key). Optional: a row belongs to exactly one parent, so populate exactly one of this table's parent foreign keys.",,string,default,FALSE,FALSE,,,ltc,http://rs.tdwg.org/ltc/terms/hasMeasurementOrFact,http://rs.tdwg.org/ltc/terms/version/hasMeasurementOrFact-2024-02-28,This property refers to one or more related instances of the MeasurementOrFact class.,recommended
measurement-or-fact,personRole_fk,fk,for,person-role,personRole_pk,Person Role (Foreign Key),An identifier for an ltc:PersonRole.,"The value in this field MAY be changed in aggregation to preserve the relationship to the (Primary Key). Optional: a row belongs to exactly one parent, so populate exactly one of this table's parent foreign keys.",,string,default,FALSE,FALSE,,,ltc,http://rs.tdwg.org/ltc/terms/hasMeasurementOrFact,http://rs.tdwg.org/ltc/terms/version/hasMeasurementOrFact-2024-02-28,This property refers to one or more related instances of the MeasurementOrFact class.,recommended
measurement-or-fact,resourceRelationship_fk,fk,for,resource-relationship,resourceRelationship_pk,Resource Relationship (Foreign Key),An identifier for an ltc:ResourceRelationship.,"The value in this field MAY be changed in aggregation to preserve the relationship to the (Primary Key). Optional: a row belongs to exactly one parent, so populate exactly one of this table's parent foreign keys.",,string,default,FALSE,FALSE,,,ltc,http://rs.tdwg.org/ltc/terms/hasMeasurementOrFact,http://rs.tdwg.org/ltc/terms/version/hasMeasurementOrFact-2024-02-28,This property refers to one or more related instances of the MeasurementOrFact class.,recommended
measurement-or-fact,storageLocation_fk,fk,for,storage-location,storageLocation_pk,Storage Location (Foreign Key),An identifier for an ltc:StorageLocation.,"The value in this field MAY be changed in aggregation to preserve the relationship to the (Primary Key). Optional: a row belongs to exactly one parent, so populate exactly one of this table's parent foreign keys.",,string,default,FALSE,FALSE,,,ltc,http://rs.tdwg.org/ltc/terms/hasMeasurementOrFact,http://rs.tdwg.org/ltc/terms/version/hasMeasurementOrFact-2024-02-28,This property refers to one or more related instances of the MeasurementOrFact class.,recommended
measurement-or-fact,taxon_fk,fk,for,taxon,taxon_pk,Taxon (Foreign Key),An identifier for an ltc:Taxon.,"The value in this field MAY be changed in aggregation to preserve the relationship to the (Primary Key). Optional: a row belongs to exactly one parent, so populate exactly one of this table's parent foreign keys.",,string,default,FALSE,FALSE,,,ltc,http://rs.tdwg.org/ltc/terms/hasMeasurementOrFact,http://rs.tdwg.org/ltc/terms/version/hasMeasurementOrFact-2024-02-28,This property refers to one or more related instances of the MeasurementOrFact class.,recommended
measurement-or-fact,temporalCoverage_fk,fk,for,temporal-coverage,temporalCoverage_pk,Temporal Coverage (Foreign Key),An identifier for an ltc:TemporalCoverage.,"The value in this field MAY be changed in aggregation to preserve the relationship to the (Primary Key). Optional: a row belongs to exactly one parent, so populate exactly one of this table's parent foreign keys.",,string,default,FALSE,FALSE,,,ltc,http://rs.tdwg.org/ltc/terms/hasMeasurementOrFact,http://rs.tdwg.org/ltc/terms/version/hasMeasurementOrFact-2024-02-28,This property refers to one or more related instances of the MeasurementOrFact class.,recommended
measurement-or-fact,measurementAccuracy,,,,,Measurement Accuracy,The description of the potential error associated with the measurementValue.,The description of the potential error associated with the measurementValue applied to the collection.,"`0.01`, `Normal distribution with variation of 2 m`, `Reported`, `Estimated`",string,default,,,,,dwc,http://rs.tdwg.org/dwc/terms/measurementAccuracy,,The description of the potential error associated with the measurementValue.,recommended
measurement-or-fact,measurementDerivation,,,,,Measurement Derivation,"An indicator as to whether the measurement, fact, characteristic, or assertion being applied to the collection was derived from reported figures or aggregated/calculated from underlying data.","If there is more detailed information about the method by which a measurement or fact was derived, this should be captured using the measurementMethod property.","`Reported`, `Calculated`",string,default,,,,,ltc,http://rs.tdwg.org/ltc/terms/measurementDerivation,http://rs.tdwg.org/ltc/terms/version/measurementDerivation-2024-02-28,"An indicator as to whether the measurement, fact, characteristic, or assertion being applied to the collection was derived from reported figures or aggregated/calculated from underlying data.",recommended
measurement-or-fact,measurementFactText,,,,,Fact or Narrative Text,"The value of the qualitative fact, characteristic, or assertion being made about the collection.","This property should also be used for storing textual information about the collection within a particular context, such as narratives or comments about digitisation readiness.","`UV-light`, `Extra large`, `Level 1`, `Re-curation of this collection would be required prior to digitisation, requiring an estimated two weeks of curator time.`",string,default,,,,,ltc,http://rs.tdwg.org/ltc/terms/measurementFactText,http://rs.tdwg.org/ltc/terms/version/measurementFactText-2024-02-28,"The value of the qualitative fact, characteristic, or assertion being made about the collection.",recommended
measurement-or-fact,measurementMethod,,,,,Measurement Method,"A description of or reference to (publication, IRI) the method or protocol used to determine the measurement, fact, characteristic, or assertion.",,"`DiSSCo MIDS level`, `LtC Standard Metric`, `https://doi.org/10.5281/zenodo.3465285`",string,default,,,,,dwc,http://rs.tdwg.org/dwc/terms/measurementMethod,,"A description of or reference to (publication, IRI) the method or protocol used to determine the measurement, fact, characteristic, or assertion.",recommended
measurement-or-fact,measurementRemarks,,,,,Measurement Remarks,Comments or notes accompanying the MeasurementOrFact.,,"`Does not include on-loan material`, `Footprint includes housing`",string,default,,,,,dwc,http://rs.tdwg.org/dwc/terms/measurementRemarks,,Comments or notes accompanying the MeasurementOrFact.,recommended
measurement-or-fact,measurementType,,,,,Measurement Type,"The nature of the measurement, fact, characteristic, or assertion.",Recommended best practice is to use a controlled vocabulary.,"`Imaged Level Percentage`, `Storage Volume`, `Object Count`, `MIDS-0 Object Count`, `Historical narrative`",string,default,,,,,dwc,http://rs.tdwg.org/dwc/terms/measurementType,,"The nature of the measurement, fact, characteristic, or assertion.",recommended
measurement-or-fact,measurementUnit,,,,,Measurement Unit,The units associated with the measurementValue.,"For some use cases, this property can also be used to reflect the type of value being stored (e.g. a count, or a percentage).","`mm`, `C`, `km`, `ha`, `count`, `percentage`, `category`",string,default,,,,,dwc,http://rs.tdwg.org/dwc/terms/measurementUnit,,The units associated with the measurementValue.,recommended
measurement-or-fact,measurementValue,,,,,Measurement Value,"The value of the measurement, fact, characteristic, or assertion.","The numeric value of the quantitative measurement being made about the collection. In the Collection Description standard, this field is constrained to only accept numeric values in order to better support the aggregation of quantitative metrics. For any non-numeric values, and metrics where the scale is a numeral that cannot be used in any calculations the measurementFactText property should be used instead.","`45`, `20000`, `1`, `14.5`",number,default,,,,,dwc,http://rs.tdwg.org/dwc/terms/measurementValue,,"The value of the measurement, fact, characteristic, or assertion.",recommended
object-classification,objectClassification_pk,pk,,,,Object Classification (Primary Key),A unique identifier for an ltc:ObjectClassification.,The value in this field MAY be changed in aggregation to guarantee uniqueness.,,string,default,TRUE,TRUE,,,ltc,http://example.com/term-pending/objectClassificationID,,A unique identifier for an ltc:ObjectClassification.,recommended
object-classification,objectGroup_fk,fk,for,object-group,objectGroup_pk,Object Group (Foreign Key),An identifier for an ltc:ObjectGroup.,The value in this field MAY be changed in aggregation to preserve the relationship to the (Primary Key).,,string,default,FALSE,TRUE,,,ltc,http://rs.tdwg.org/ltc/terms/hasObjectClassification,http://rs.tdwg.org/ltc/terms/version/hasObjectClassification-2024-02-28,This property refers to one or more related instances of the ObjectClassification class.,recommended
object-classification,parentObjectClassification_fk,fk,part of,object-classification,objectClassification_pk,Object Classification (Foreign Key),An identifier for an ltc:ObjectClassification.,The value in this field MAY be changed in aggregation to preserve the relationship to the (Primary Key).,,string,default,FALSE,TRUE,,,ltc,http://example.com/term-pending/hasParentObjectClassification,,This property refers to one or more related parent instances of the ObjectClassification class.,recommended
object-classification,isTopParent,,,,,Is Top Parent,A flag to indicate that the current instance of ObjectClassification is at the top of the hierarchy represented by multiple nested instances of the class.,"If this term is used, it should be set to `true` in the instance of ObjectClassification which represents the highest level of a hierarchy and `false` in the rest. If the direction of the hierarchy is self-evident or otherwise not notable, this term should not be populated.","`true`, `false`",boolean,default,,,,,ltc,http://rs.tdwg.org/ltc/terms/isTopParent,http://rs.tdwg.org/ltc/terms/version/isTopParent-2024-02-28,A flag to indicate that the current instance of ObjectClassification is at the top of the hierarchy represented by multiple nested instances of the class.,recommended
object-classification,objectClassificationLevel,,,,,Object Classification Level,The level of the ObjectClassification in the hierarchy.,It is up to the user to name the levels to be relevant to the hierarchical classification scheme that they are defining.,"`Domain`, `Discipline`, `Category`",string,default,,,,,ltc,http://rs.tdwg.org/ltc/terms/objectClassificationLevel,http://rs.tdwg.org/ltc/terms/version/objectClassificationLevel-2024-02-28,The level of the ObjectClassification in the hierarchy.,recommended
object-classification,objectClassificationName,,,,,Object Classification Name,"A short title describing this ObjectClassification as a class, unit or grouping.","This is a user-determined name given for classifying their collection. This name, expressing an assigned classification, can be part of a self-referential hierarchy. Use of a controlled vocabulary is recommended, e.g. The GBIF ObjectClassification vocabulary https://registry.gbif.org/vocabulary/ObjectClassificationName","`Zoology invertebrates`, `Palaeontology`, `Extra-terrestrial`, `Archaeology`, `Seed plants`, `Birds`, `Agriculture`, `Veterinary`, `Viruses`",string,default,,TRUE,,,ltc,http://rs.tdwg.org/ltc/terms/objectClassificationName,http://rs.tdwg.org/ltc/terms/version/objectClassificationName-2024-02-28,"A short title describing this ObjectClassification as a class, unit or grouping.",recommended
object-group,objectGroup_pk,pk,,,,Object Group (Primary Key),A unique identifier for an ltc:ObjectGroup.,The value in this field MAY be changed in aggregation to guarantee uniqueness.,,string,default,TRUE,TRUE,,,ltc,http://example.com/term-pending/objectGroupID,,A unique identifier for an ltc:ObjectGroup.,recommended
object-group,latimerCoreScheme_fk,fk,for,latimer-core-scheme,latimerCoreScheme_pk,Latimer Core Scheme (Foreign Key),An identifier for an ltc:LatimerCoreScheme.,"The value in this field MAY be changed in aggregation to preserve the relationship to the (Primary Key). Optional: a row belongs to exactly one parent, so populate exactly one of this table's parent foreign keys.",,string,default,FALSE,FALSE,,,ltc,http://rs.tdwg.org/ltc/terms/hasObjectGroup,http://rs.tdwg.org/ltc/terms/version/hasObjectGroup-2024-02-28,This property refers to one or more related instances of the ObjectGroup class.,recommended
object-group,recordLevel_fk,fk,for,record-level,recordLevel_pk,Record Level (Foreign Key),An identifier for an ltc:RecordLevel.,"The value in this field MAY be changed in aggregation to preserve the relationship to the (Primary Key). Optional: a row belongs to exactly one parent, so populate exactly one of this table's parent foreign keys.",,string,default,FALSE,FALSE,,,ltc,http://rs.tdwg.org/ltc/terms/hasObjectGroup,http://rs.tdwg.org/ltc/terms/version/hasObjectGroup-2024-02-28,This property refers to one or more related instances of the ObjectGroup class.,recommended
object-group,alternativeCollectionName,,,,,Alternative Collection Name,One or more short titles different to the one given in ObjectGroup.collectionName used to summarise the collection objects contained within the ObjectGroup.,,"`Darwin's fossil mammal collection`, `The Hubricht Molluscan Collection`",array,default,,,,,ltc,http://rs.tdwg.org/ltc/terms/alternativeCollectionName,http://rs.tdwg.org/ltc/terms/version/alternativeCollectionName-2024-02-28,One or more short titles different to the one given in ObjectGroup.collectionName used to summarise the collection objects contained within the ObjectGroup.,recommended
object-group,baseTypeOfObjectGroup,,,,,Base Type Of Object Group,High-level terms describing the fundamental nature of objects in the ObjectGroup.,"For natural history collections baseTypeOfObjectGroup describes types of material entities and may constrain the values available in objectType. Notes for ObjectGroups where baseTypeOfObjectGroup is 'InformationArtefact': subsequent ‘type’ properties could include hierarchical Audubon Core/Dublin Core terms – e.g. dc:type (http://purl.org/dc/elements/1.1/type), ac:subtype / ac:subtypeLiteral (http://rs.tdwg.org/ac/terms/subtypeLiteral), or (proposed) ac:3DResourceType.","`MaterialEntity`, `InformationArtefact`, `AbstractConcept`",array,default,,TRUE,,,ltc,http://rs.tdwg.org/ltc/terms/baseTypeOfObjectGroup,http://rs.tdwg.org/ltc/terms/version/baseTypeOfObjectGroup-2024-02-28,High-level terms describing the fundamental nature of objects in the ObjectGroup.,recommended
object-group,collectionManagementSystem,,,,,Collection Management System,The collection management system which is used to hold and manage the primary data for the objects contained within the ObjectGroup.,"This should reflect the system or database in which the object-level records reside, rather than the source of the Collection Description data.","`Specify 7`, `DINA`, `Axiell EMu`, `Arctos`, `EarthCape`, `BRAHMS`",array,default,,,,,ltc,http://rs.tdwg.org/ltc/terms/collectionManagementSystem,http://rs.tdwg.org/ltc/terms/version/collectionManagementSystem-2024-02-28,The collection management system which is used to hold and manage the primary data for the objects contained within the ObjectGroup.,recommended
object-group,collectionName,,,,,Collection Name,A short title that summarises the collection objects contained within the ObjectGroup.,,"`The Leslie Hubricht Molluscan Collection`, `NHM Algae, Fungi and Plants collection`, `Crustacea – Cirripedes, Decapoda`, `Global Mesozoic and Paleozoic mollusc faunas/samples`",string,default,,,,,ltc,http://rs.tdwg.org/ltc/terms/collectionName,http://rs.tdwg.org/ltc/terms/version/collectionName-2024-02-28,A short title that summarises the collection objects contained within the ObjectGroup.,recommended
object-group,conditionsOfAccess,,,,,Conditions of Access,Information about who can access the collection being described or an indication of its security status.,"If available, this should be a URL to a stable policy page. For example, https://www.fieldmuseum.org/science/research/area/fossils-meteorites/fossils-meteorites-policies.",`Open to the public`,array,default,,,,,ltc,http://rs.tdwg.org/ltc/terms/conditionsOfAccess,http://rs.tdwg.org/ltc/terms/version/conditionsOfAccess-2024-02-28,Information about who can access the collection being described or an indication of its security status.,recommended
object-group,degreeOfEstablishment,,,,,Degree of Establishment,"The degree to which an Organism survives, reproduces, and expands its range at the given place and time.","Some preserved collections are specifically created from cultivated or captive organisms, or perhaps from rare vagrants. Recommended best practice is to use controlled value strings from the controlled vocabulary designated for use with this term, listed at http://rs.tdwg.org/dwc/doc/doe/. For details, refer to https://doi.org/10.3897/biss.3.38084.","`native`, `captive`, `cultivated`, `released`, `failing`, `casual`, `reproducing`, `established`, `colonising`, `invasive`, `widespreadInvasive`",array,default,,,,,dwc,http://rs.tdwg.org/dwc/terms/degreeOfEstablishment,http://rs.tdwg.org/dwc/terms/version/degreeOfEstablishment-2023-06-28,"The degree to which a dwc:Organism survives, reproduces, and expands its range at the given place and time.",recommended
object-group,description,,,,,Description,A free text description or narrative about the collection.,"Use this field to record information about the collection in a human-readable, narrative style to introduce the main characteristics of the collection to someone unfamiliar to it. It may include additional information or re-state information held elsewhere in the collection description record - for example, for more atomic, categorised textual descriptions and narratives the MeasurementOrFact class should be used.","`The Chicago Academy of Sciences holds material documenting the biodiversity of Midwest / Western Great Lakes region from the 1830s to the present, and includes comparative and historic material collected across North America. These collections include zoology, botany, earth sciences, cultural, audiovisual, and archives. The institutional collection code CHAS was used historically to reference vertebrate and malacology collections at the Academy and was designated as the primary collection code for all the collections.`",string,default,,,,,ltc,http://rs.tdwg.org/ltc/terms/description,http://rs.tdwg.org/ltc/terms/version/description-2024-02-28,A free text description or narrative about the collection.,recommended
object-group,discipline,,,,,Discipline,A high level classification of the scientific discipline to which the objects within the collection belong or are related.,"The recommendation is to use a controlled vocabulary that is also common across other community collections, object and occurrence standards. Suggested list https://confluence.egi.eu/display/EGIG/Scientific+Disciplines","`Anthropology`, `Botany`, `Extraterrestrial`, `Geology`, `Microorganisms`, `Other geo/biodiversity`, `Palaeontology`, `Virology`, `Zoology invertebrates`, `Zoology vertebrates`, `Unspecified`",array,default,,,,,ltc,http://rs.tdwg.org/ltc/terms/discipline,http://rs.tdwg.org/ltc/terms/version/discipline-2024-02-28,A high level classification of the scientific discipline to which the objects within the collection belong or are related.,recommended
object-group,isCurrentCollection,,,,,Is Current Collection,A flag to indicate whether the collection still exists as a single entity.,Use this to indicate if the record describes the entirety of a known historical collection. If only part of the collection is present the value is 'false'.,`true` `false`,boolean,default,,,,,ltc,http://rs.tdwg.org/ltc/terms/isCurrentCollection,http://rs.tdwg.org/ltc/terms/version/isCurrentCollection-2024-02-28,A flag to indicate whether the collection still exists as a single entity.,recommended
object-group,isKnownToContainTypes,,,,,Is Known To Contain Types,Flag property to indicate that the collection is known to include type specimens.,`true` - this collection contains types; `false` - this collections does not contain types,`true` `false`,boolean,default,,,,,ltc,http://rs.tdwg.org/ltc/terms/isKnownToContainTypes,http://rs.tdwg.org/ltc/terms/version/isKnownToContainTypes-2024-02-28,Flag property to indicate that the collection is known to include type specimens.,recommended
object-group,material,,,,,Material,"Material denotes the raw substance(s) from which the object is formed, in whole or in part.","This definition maps roughly to the concept of E57 'material' from the CIDOC CRM: https://cidoc-crm.org/Entity/E57-Material/version-7.1.1. The object, or artefact could contain biological parts, for example jewellery made of amber with insects in, or cloaks made of bird feathers. It should not be used for taxonomic identifications.","`Biological body`, `Organism material (cp. objectType = `Organism product`)`, `Viable cells`, `Protein`, `RNA`, `DNA`, etc.",array,default,,,,,ltc,http://rs.tdwg.org/ltc/terms/material,http://rs.tdwg.org/ltc/terms/version/material-2024-02-28,"Material denotes the raw substance(s) from which the object is formed, in whole or in part.",recommended
object-group,objectType,,,,,Object Type,High-level terms for the classification of curated objects.,"A more generic classification of items in the collection than described in preparationType. Hands-on, practical attributes classifying the stored curated objects. You will expect to find these kinds and types of objects when you go to and access their storage location. This should not be used for classifying objects by taxon. The best way to do that is to use the Taxon class (formal taxonomy and vernacular names) or ObjectClassification class (informal classification).","if baseTypeOfObjectGroup = `MaterialEntity`: `Specimen`, `Tissue`, `Culture`, `HTS Library`, `Lysate`, `Environmental sample`, `Extracted/Preserved DNA/RNA`, `Microscope slide`, `Spore print`, `Macrofossil`, `Mesofossil`, `Microfossil`, `Oversized fossil`; if typeOfObjectGroup = `Non-biological`: `Macro-object`, `Micro-object`, `Oversized object`, `Cut/polished gemstone`, `Core`, `Fluid`, `Hazardous material/object`, `Mixed`; if baseTypeOfObjectGroup = `InformationArtefact`: `Text`, `Audio`, `Visual`",array,default,,,,,ltc,http://rs.tdwg.org/ltc/terms/objectType,http://rs.tdwg.org/ltc/terms/version/objectType-2024-02-28,High-level terms for the classification of curated objects.,recommended
object-group,period,,,,,Period,Used to describe prehistoric or historic periods.,"Used to describe the prehistoric or historic period from which objects in the collection originated. Often used to describe prehistoric or historic periods, but also geopolitical units and activities of settlements are regarded as special cases of Period. However, there are no assumptions about the scale of the associated phenomena. In particular all events are seen as synthetic processes consisting of coherent phenomena. This property maps to the Period class of the CIDOC-CRM conceptual reference model (http://www.cidoc-crm.org/Entity/e4-period/version-7.1.1).","`Neolithic Period`, `Ming Dynasty`, `McCarthy Era`",array,default,,,,,ltc,http://rs.tdwg.org/ltc/terms/period,http://rs.tdwg.org/ltc/terms/version/period-2024-02-28,Used to describe prehistoric or historic periods.,recommended
object-group,preparationType,,,,,Preparation Type,A term used to classify or describe an object that indicates the actions that have been taken upon it and/or the processes it has been put through to prepare it for scientific use or study.,"A more specific classification of items in the collection than described in objectType. These attributes commonly identify the parts or states that are the outcome of the preparation process, which produced the curated object. This can be the same as PreservationMethod (e.g. Bone), but is not always. For cultural collections terms such as 'bowl', 'textile' are appropriate at this level. This should not be used for classifying objects by taxon. The best way to do that is to use the Taxon class (formal taxonomy and vernacular names) or ObjectClassification class (informal classification).","if objectType = `Specimen` or `Part of entity`: `Bones`, `Eggs`, `Pollen`, `Muscle`, `Leaf`, `Blood`, `Skins`, `Shells`, `Wood`, ... ; if typeOfObjectGroup = `human-made`: `Bowl`, `Textile`, ...; if typeOfObjectGroup = `digital`: `txt`, `jpg`, `mp4`, ...; etc",array,default,,,,,ltc,http://rs.tdwg.org/ltc/terms/preparationType,http://rs.tdwg.org/ltc/terms/version/preparationType-2024-02-28,A term used to classify or describe an object that indicates the actions that have been taken upon it and/or the processes it has been put through to prepare it for scientific use or study.,recommended
object-group,preservationMethod,,,,,Preservation Method,"A term used to classify or describe an object that indicates the primary or most recent action, measure or process that has been used in order to preserve the objects in the collection for long-term storage.",For the purposes of a collection description preservationType should be used to describe the larger collection Preservation method generally describes the final storage state. Not intended to be used as the fossilization method. Use preservationMode for that. This field is intended to be use where a collection has a single or prominent preservationMethod. We recommend the Arctos PART_PRESERVATION vocabulary (https://arctos.database.museum/info/ctDocumentation.cfm?table=CTPART_PRESERVATION). For herbarium sheets use 'dried_pressed'. If an alcohol collection uses mixed percentages use 'alcohol'.,"`dried`, `dried_pressed`, `dried_pinned`, `Dried assemblage`, `Dried - not assembled`, `Dry preserved`, `papered/packaged`, `slide box`, `Skeletonized`, `Tanned`, `mounted`, `Slide mount`, `Embedded`, `gum_arabic`, `Blood sampling cards (biomedical)`, `Fluid preserved`, `Alcohol, formaledhyde`, `glycerin`, `EDTA`, `frozen / cryopreserved`, `Cryopreserved / frozen - 80C`, `refrigerated`, `freeze_dried`, `Surface coating`, `SEM stub`, `Stasis`, `cell culture`, `axenic culture`, `viable cells`, `Controlled atmosphere`, `Climate controlled conditions`, `Non climate controlled conditions`, `no_treatment`, etc.",array,default,,,,,ltc,http://rs.tdwg.org/ltc/terms/preservationMethod,http://rs.tdwg.org/ltc/terms/version/preservationMethod-2024-02-28,"A term used to classify or describe an object that indicates the primary or most recent action, measure or process that has been used in order to preserve the objects in the collection for long-term storage.",recommended
object-group,preservationMode,,,,,Preservation Mode,"The means by which a palaeontological specimen was preserved or created e.g. body, cast, mold, trace fossil, soft parts mineralised etc.",Use to describe the preservation mode of a collection as a whole (e.g. Amber collection). This property should be only used in association with ObjectGroups that contain paleontological material. It is aligned with the concept of preservationMode in ABCD(EFG) (https://efg.geocase.eu/documentation/html/efg.html#element_PreservationMode_Link03032878).,"`adpression/compression`, `body`, `cast`, `charcoalification`, `coalified`, `concretion`, `dissolution traces`, `mold/impression`, `permineralised`, `recrystallised`, `soft parts`, `trace`",array,default,,,,,ltc,http://rs.tdwg.org/ltc/terms/preservationMode,http://rs.tdwg.org/ltc/terms/version/preservationMode-2024-02-28,"The means by which a palaeontological specimen was preserved or created e.g. body, cast, mold, trace fossil, soft parts mineralised etc.",recommended
object-group,typeOfObjectGroup,,,,,Type Of Object Group,Additional information that describes the object(s) in the collection.,"High-level information that enables the finding of the group and/or its object(s) in searches by users on the web using attributes commonly of interest. Recommended best practice is to use a controlled vocabulary. Terms such as soil, pollen, faeces, muscle, genomic DNA are currently put in preparationType.","if baseTypeOfObjectGroup = `MaterialEntity`: `Living`, `Preserved`, `Fossilized`, `Non-biological`, `Human-made`; if baseTypeOfObjectGroup = `InformationArtefact`: `Digital`, `Physical`",array,default,,,,,ltc,http://rs.tdwg.org/ltc/terms/typeOfObjectGroup,http://rs.tdwg.org/ltc/terms/version/typeOfObjectGroup-2024-02-28,Additional information that describes the object(s) in the collection.,recommended
organisational-unit,organisationalUnit_pk,pk,,,,Organisational Unit (Primary Key),A unique identifier for an ltc:OrganisationalUnit.,The value in this field MAY be changed in aggregation to guarantee uniqueness.,,string,default,TRUE,TRUE,,,ltc,http://example.com/term-pending/organisationalUnitID,,A unique identifier for an ltc:OrganisationalUnit.,recommended
organisational-unit,objectGroup_fk,fk,for,object-group,objectGroup_pk,Object Group (Foreign Key),An identifier for an ltc:ObjectGroup.,The value in this field MAY be changed in aggregation to preserve the relationship to the (Primary Key).,,string,default,FALSE,TRUE,,,ltc,http://rs.tdwg.org/ltc/terms/hasOrganisationalUnit,http://rs.tdwg.org/ltc/terms/version/hasOrganisationalUnit-2024-02-28,This property refers to one or more related instances of the OrganisationalUnit class.,recommended
organisational-unit,parentOrganisationalUnit_fk,fk,part of,organisational-unit,organisationalUnit_pk,Organisational Unit (Foreign Key),An identifier for an ltc:OrganisationalUnit.,The value in this field MAY be changed in aggregation to preserve the relationship to the (Primary Key).,,string,default,FALSE,TRUE,,,ltc,http://rs.tdwg.org/ltc/terms/hasParentOrganisationalUnit,http://rs.tdwg.org/ltc/terms/version/hasParentOrganisationalUnit-2024-02-28,This property refers to one or more related parent instances of the OrganisationalUnit class.,recommended
organisational-unit,organisationalUnitName,,,,,Organisational Unit Name,An official name of the organisational unit in the local language.,"Repeatable where there are more than one official local language required for example Belgian Institutions where an official name exists in French, Dutch, German and English. See 'A Collection of Crosswalks from Fifteen Research Data Schemas to Schema.org' (https://www.rd-alliance.org/group/research-metadata-schemas-wg/outcomes/collection-crosswalks-fifteen-research-data-schemas) from RDA for crosswalks for properties with the function of Name, Title, etc. Take into account the note at the class level (Class:OrganisationalUnit) about associating an identifier in addition to a name with the organisational unit.","`Muséum national d'Histoire naturelle`, `The Field Museum of Natural History`, `Division of Fishes`",string,default,,TRUE,,,ltc,http://rs.tdwg.org/ltc/terms/organisationalUnitName,http://rs.tdwg.org/ltc/terms/version/organisationalUnitName-2024-02-28,An official name of the organisational unit in the local language.,recommended
organisational-unit,organisationalUnitType,,,,,Organisational Unit Type,The type or level of organisational unit within a hierarchy responsible for the management of the collection being described.,Example vocabulary list: https://vocab.org/aiiso/ . This property is likely related to the W3C class org:Role (https://www.w3.org/TR/2014/REC-vocab-org-20140116/#class-role).,"`Department` (A group of people recognised by an organization as forming a cohesive group referred to by the organization as a department), `Division` (A group of people recognised by an organization as forming a cohesive group referred to by the organization as a division)",string,default,,TRUE,,,ltc,http://rs.tdwg.org/ltc/terms/organisationalUnitType,http://rs.tdwg.org/ltc/terms/version/organisationalUnitType-2024-02-28,The type or level of organisational unit within a hierarchy responsible for the management of the collection being described.,recommended
person,person_pk,pk,,,,Person (Primary Key),A unique identifier for an ltc:Person.,The value in this field MAY be changed in aggregation to guarantee uniqueness.,,string,default,TRUE,TRUE,,,ltc,http://example.com/term-pending/personID,,A unique identifier for an ltc:Person.,recommended
person,additionalName,,,,,Additional Name,"An additional name for a Person, can be used for a middle name.",,"`Stewart`, `Grace`, `Manthey`, `Kwame`",string,default,,,,,schema,https://schema.org/additionalName,,"An additional name for a Person, can be used for a middle name.",recommended
person,familyName,,,,,Family Name,"Family name. In the U.S., the last name of a Person.",,"`Jones`, `Keita`, `O'Rourke`, `Carreño Quiñones`",string,default,,,,,schema,https://schema.org/familyName,,"Family name. In the U.S., the last name of a Person.",recommended
person,fullName,,,,,Full Name,String of the preferred form of personal name for displaying.,,"`James Ewert Bradshaw`, `T. van Hooijdonk`",string,default,,,,,abcd,http://rs.tdwg.org/abcd/terms/fullName,,String of the preferred form of personal name for displaying.,recommended
person,givenName,,,,,Given Name,"Given name. In the U.S., the first name of a Person.",,"`Beth`, `John`, `María José`, `Björn`",string,default,,,,,schema,https://schema.org/givenName,,"Given name. In the U.S., the first name of a Person.",recommended
person-role,personRole_pk,pk,,,,Person Role (Primary Key),A unique identifier for an ltc:PersonRole.,The value in this field MAY be changed in aggregation to guarantee uniqueness.,,string,default,TRUE,TRUE,,,ltc,http://example.com/term-pending/personRoleID,,A unique identifier for an ltc:PersonRole.,recommended
person-role,person_fk,fk,role holder,person,person_pk,Person (Foreign Key),An identifier for an ltc:Person.,The value in this field MAY be changed in aggregation to preserve the relationship to the (Primary Key).,,string,default,FALSE,TRUE,,,ltc,http://rs.tdwg.org/ltc/terms/hasPerson,http://rs.tdwg.org/ltc/terms/version/hasPerson-2024-02-28,This property refers to one or more related instances of the Person class.,recommended
person-role,role_fk,fk,has,role,role_pk,Role (Foreign Key),An identifier for an ltc:Role.,The value in this field MAY be changed in aggregation to preserve the relationship to the (Primary Key).,,string,default,FALSE,TRUE,,,ltc,http://rs.tdwg.org/ltc/terms/hasRole,http://rs.tdwg.org/ltc/terms/version/hasRole-2024-02-28,This property refers to one or more related instances of the Role class.,recommended
person-role,event_fk,fk,for,event,event_pk,Event (Foreign Key),An identifier for an ltc:Event.,"The value in this field MAY be changed in aggregation to preserve the relationship to the (Primary Key). Optional: a row belongs to exactly one parent, so populate exactly one of this table's parent foreign keys.",,string,default,FALSE,FALSE,,,ltc,http://rs.tdwg.org/ltc/terms/hasPersonRole,http://rs.tdwg.org/ltc/terms/version/hasPersonRole-2024-02-28,This property refers to one or more related instances of the PersonRole class.,recommended
person-role,objectGroup_fk,fk,for,object-group,objectGroup_pk,Object Group (Foreign Key),An identifier for an ltc:ObjectGroup.,"The value in this field MAY be changed in aggregation to preserve the relationship to the (Primary Key). Optional: a row belongs to exactly one parent, so populate exactly one of this table's parent foreign keys.",,string,default,FALSE,FALSE,,,ltc,http://rs.tdwg.org/ltc/terms/hasPersonRole,http://rs.tdwg.org/ltc/terms/version/hasPersonRole-2024-02-28,This property refers to one or more related instances of the PersonRole class.,recommended
person-role,organisationalUnit_fk,fk,for,organisational-unit,organisationalUnit_pk,Organisational Unit (Foreign Key),An identifier for an ltc:OrganisationalUnit.,"The value in this field MAY be changed in aggregation to preserve the relationship to the (Primary Key). Optional: a row belongs to exactly one parent, so populate exactly one of this table's parent foreign keys.",,string,default,FALSE,FALSE,,,ltc,http://rs.tdwg.org/ltc/terms/hasPersonRole,http://rs.tdwg.org/ltc/terms/version/hasPersonRole-2024-02-28,This property refers to one or more related instances of the PersonRole class.,recommended
person-role,recordLevel_fk,fk,for,record-level,recordLevel_pk,Record Level (Foreign Key),An identifier for an ltc:RecordLevel.,"The value in this field MAY be changed in aggregation to preserve the relationship to the (Primary Key). Optional: a row belongs to exactly one parent, so populate exactly one of this table's parent foreign keys.",,string,default,FALSE,FALSE,,,ltc,http://rs.tdwg.org/ltc/terms/hasPersonRole,http://rs.tdwg.org/ltc/terms/version/hasPersonRole-2024-02-28,This property refers to one or more related instances of the PersonRole class.,recommended
record-level,recordLevel_pk,pk,,,,Record Level (Primary Key),A unique identifier for an ltc:RecordLevel.,The value in this field MAY be changed in aggregation to guarantee uniqueness.,,string,default,TRUE,TRUE,,,ltc,http://example.com/term-pending/recordLevelID,,A unique identifier for an ltc:RecordLevel.,recommended
record-level,isDerivedCollection,,,,,Is Derived Collection,A flag to indicate that the collection description has been generated by aggregating data from one or more underlying datasets of its individual objects.,"If `true`, the LtC record has been wholly generated through the synthesis of existing digital records, such as by a programmatic aggregation of specimen records. If `false`, the LtC record is known to have been generated through some other method, such as in response to an institutional survey. Leaving this field blank indicates that the method used to construct the record is unknown or has yet to be recorded.","`true`, `false`",boolean,default,,,,,ltc,http://rs.tdwg.org/ltc/terms/isDerivedCollection,http://rs.tdwg.org/ltc/terms/version/isDerivedCollection-2024-02-28,A flag to indicate that the collection description has been generated by aggregating data from one or more underlying datasets of its individual objects.,recommended
record-level,license,,,,,License,A legal document giving official permission to do something with the resource.,"A legal document giving official permission to do something with the collection description record. Recommended practice is to identify the license document with a IRI. If this is not possible or feasible, a literal value that identifies the license may be provided.","`https://creativecommons.org/licenses/by/4.0/`, `https://creativecommons.org/publicdomain/zero/1.0/`, `https://creativecommons.org/licenses/by/4.0/legalcode`, `https://opendatacommons.org/licenses/by/1.0/`, `http://unlicense.org/`",string,default,,TRUE,,,dcterms,http://purl.org/dc/terms/license,,A legal document giving official permission to do something with the resource.,recommended
record-level,rights,,,,,Rights,Information about rights held in and over the resource.,"A statement of any rights held in/over the collection description record. Typically, rights information includes a statement about various property rights associated with the resource, including intellectual property rights. Recommended practice is to refer to a rights statement with a IRI. If this is not possible or feasible, a literal value (name, label, or short text) may be provided.","`http://scratchpads.eu/about/policies/termsandconditions`, `All rights reserved by DataOwner Ltd.`",string,default,,,,,dc,http://purl.org/dc/elements/1.1/rights,,"Information about rights held in and over the resource. A full-text, readable copyright statement, as required by the national legislation of the copyright holder. On collections, this applies to all contained objects, unless the object itself has a different statement. Examples: “Copyright XY 2008, all rights reserved”, “© 2008 XY Museum” , `Public Domain.`; `Copyright unknown.` Do not place just the name of the copyright holder(s) here! That belongs in a list in the xmpRights:Owner field, which should be supplied if dc:rights is not 'Public Domain', which is appropriate only if the resource is known to be not under copyright. See also the entry for dcterms:rights in this document and see the DCMI FAQ on DC and DCTERMS Namespaces for discussion of the rationale for terms in two namespaces. Normal practice is to use the same Label if both are provided. Labels have no effect on information discovery and are only suggestions.",recommended
record-level,rightsHolder,,,,,Rights Holder,A person or organization owning or managing rights over the resource.,"A person or organization owning or managing rights held in/over the collection description record. Recommended practice is to refer to the rights holder with a IRI. If this is not possible or feasible, a literal value that identifies the rights holder may be provided.","`Smith, Clare`, `Natural History Museum, London`, `https://orcid.org/XXXX-XXXX-XXXX-XXXX`, `https://ror.org/XXaaaXXXX`",string,default,,,,,dcterms,http://purl.org/dc/terms/rightsHolder,,A person or organization owning or managing rights over the resource.,recommended
reference,reference_pk,pk,,,,Reference (Primary Key),A unique identifier for an ltc:Reference.,The value in this field MAY be changed in aggregation to guarantee uniqueness.,,string,default,TRUE,TRUE,,,ltc,http://example.com/term-pending/referenceID,,A unique identifier for an ltc:Reference.,recommended
reference,chronometricAge_fk,fk,for,chronometric-age,chronometricAge_pk,Chronometric Age (Foreign Key),An identifier for an ltc:ChronometricAge.,"The value in this field MAY be changed in aggregation to preserve the relationship to the (Primary Key). Optional: a row belongs to exactly one parent, so populate exactly one of this table's parent foreign keys.",,string,default,FALSE,FALSE,,,ltc,http://rs.tdwg.org/ltc/terms/hasReference,http://rs.tdwg.org/ltc/terms/version/hasReference-2024-02-28,This property refers to one or more related instances of the Reference class.,recommended
reference,collectionStatusHistory_fk,fk,for,collection-status-history,collectionStatusHistory_pk,Collection Status History (Foreign Key),An identifier for an ltc:CollectionStatusHistory.,"The value in this field MAY be changed in aggregation to preserve the relationship to the (Primary Key). Optional: a row belongs to exactly one parent, so populate exactly one of this table's parent foreign keys.",,string,default,FALSE,FALSE,,,ltc,http://rs.tdwg.org/ltc/terms/hasReference,http://rs.tdwg.org/ltc/terms/version/hasReference-2024-02-28,This property refers to one or more related instances of the Reference class.,recommended
reference,ecologicalContext_fk,fk,for,ecological-context,ecologicalContext_pk,Ecological Context (Foreign Key),An identifier for an ltc:EcologicalContext.,"The value in this field MAY be changed in aggregation to preserve the relationship to the (Primary Key). Optional: a row belongs to exactly one parent, so populate exactly one of this table's parent foreign keys.",,string,default,FALSE,FALSE,,,ltc,http://rs.tdwg.org/ltc/terms/hasReference,http://rs.tdwg.org/ltc/terms/version/hasReference-2024-02-28,This property refers to one or more related instances of the Reference class.,recommended
reference,event_fk,fk,for,event,event_pk,Event (Foreign Key),An identifier for an ltc:Event.,"The value in this field MAY be changed in aggregation to preserve the relationship to the (Primary Key). Optional: a row belongs to exactly one parent, so populate exactly one of this table's parent foreign keys.",,string,default,FALSE,FALSE,,,ltc,http://rs.tdwg.org/ltc/terms/hasReference,http://rs.tdwg.org/ltc/terms/version/hasReference-2024-02-28,This property refers to one or more related instances of the Reference class.,recommended
reference,geographicContext_fk,fk,for,geographic-context,geographicContext_pk,Geographic Context (Foreign Key),An identifier for an ltc:GeographicContext.,"The value in this field MAY be changed in aggregation to preserve the relationship to the (Primary Key). Optional: a row belongs to exactly one parent, so populate exactly one of this table's parent foreign keys.",,string,default,FALSE,FALSE,,,ltc,http://rs.tdwg.org/ltc/terms/hasReference,http://rs.tdwg.org/ltc/terms/version/hasReference-2024-02-28,This property refers to one or more related instances of the Reference class.,recommended
reference,geologicalContext_fk,fk,for,geological-context,geologicalContext_pk,Geological Context (Foreign Key),An identifier for an ltc:GeologicalContext.,"The value in this field MAY be changed in aggregation to preserve the relationship to the (Primary Key). Optional: a row belongs to exactly one parent, so populate exactly one of this table's parent foreign keys.",,string,default,FALSE,FALSE,,,ltc,http://rs.tdwg.org/ltc/terms/hasReference,http://rs.tdwg.org/ltc/terms/version/hasReference-2024-02-28,This property refers to one or more related instances of the Reference class.,recommended
reference,identifier_fk,fk,for,identifier,identifier_pk,Identifier (Foreign Key),An identifier for an ltc:Identifier.,"The value in this field MAY be changed in aggregation to preserve the relationship to the (Primary Key). Optional: a row belongs to exactly one parent, so populate exactly one of this table's parent foreign keys.",,string,default,FALSE,FALSE,,,ltc,http://rs.tdwg.org/ltc/terms/hasReference,http://rs.tdwg.org/ltc/terms/version/hasReference-2024-02-28,This property refers to one or more related instances of the Reference class.,recommended
reference,latimerCoreScheme_fk,fk,for,latimer-core-scheme,latimerCoreScheme_pk,Latimer Core Scheme (Foreign Key),An identifier for an ltc:LatimerCoreScheme.,"The value in this field MAY be changed in aggregation to preserve the relationship to the (Primary Key). Optional: a row belongs to exactly one parent, so populate exactly one of this table's parent foreign keys.",,string,default,FALSE,FALSE,,,ltc,http://rs.tdwg.org/ltc/terms/hasReference,http://rs.tdwg.org/ltc/terms/version/hasReference-2024-02-28,This property refers to one or more related instances of the Reference class.,recommended
reference,measurementOrFact_fk,fk,for,measurement-or-fact,measurementOrFact_pk,Measurement or Fact (Foreign Key),An identifier for an ltc:MeasurementOrFact.,"The value in this field MAY be changed in aggregation to preserve the relationship to the (Primary Key). Optional: a row belongs to exactly one parent, so populate exactly one of this table's parent foreign keys.",,string,default,FALSE,FALSE,,,ltc,http://rs.tdwg.org/ltc/terms/hasReference,http://rs.tdwg.org/ltc/terms/version/hasReference-2024-02-28,This property refers to one or more related instances of the Reference class.,recommended
reference,objectClassification_fk,fk,for,object-classification,objectClassification_pk,Object Classification (Foreign Key),An identifier for an ltc:ObjectClassification.,"The value in this field MAY be changed in aggregation to preserve the relationship to the (Primary Key). Optional: a row belongs to exactly one parent, so populate exactly one of this table's parent foreign keys.",,string,default,FALSE,FALSE,,,ltc,http://rs.tdwg.org/ltc/terms/hasReference,http://rs.tdwg.org/ltc/terms/version/hasReference-2024-02-28,This property refers to one or more related instances of the Reference class.,recommended
reference,objectGroup_fk,fk,for,object-group,objectGroup_pk,Object Group (Foreign Key),An identifier for an ltc:ObjectGroup.,"The value in this field MAY be changed in aggregation to preserve the relationship to the (Primary Key). Optional: a row belongs to exactly one parent, so populate exactly one of this table's parent foreign keys.",,string,default,FALSE,FALSE,,,ltc,http://rs.tdwg.org/ltc/terms/hasReference,http://rs.tdwg.org/ltc/terms/version/hasReference-2024-02-28,This property refers to one or more related instances of the Reference class.,recommended
reference,organisationalUnit_fk,fk,for,organisational-unit,organisationalUnit_pk,Organisational Unit (Foreign Key),An identifier for an ltc:OrganisationalUnit.,"The value in this field MAY be changed in aggregation to preserve the relationship to the (Primary Key). Optional: a row belongs to exactly one parent, so populate exactly one of this table's parent foreign keys.",,string,default,FALSE,FALSE,,,ltc,http://rs.tdwg.org/ltc/terms/hasReference,http://rs.tdwg.org/ltc/terms/version/hasReference-2024-02-28,This property refers to one or more related instances of the Reference class.,recommended
reference,person_fk,fk,for,person,person_pk,Person (Foreign Key),An identifier for an ltc:Person.,"The value in this field MAY be changed in aggregation to preserve the relationship to the (Primary Key). Optional: a row belongs to exactly one parent, so populate exactly one of this table's parent foreign keys.",,string,default,FALSE,FALSE,,,ltc,http://rs.tdwg.org/ltc/terms/hasReference,http://rs.tdwg.org/ltc/terms/version/hasReference-2024-02-28,This property refers to one or more related instances of the Reference class.,recommended
reference,personRole_fk,fk,for,person-role,personRole_pk,Person Role (Foreign Key),An identifier for an ltc:PersonRole.,"The value in this field MAY be changed in aggregation to preserve the relationship to the (Primary Key). Optional: a row belongs to exactly one parent, so populate exactly one of this table's parent foreign keys.",,string,default,FALSE,FALSE,,,ltc,http://rs.tdwg.org/ltc/terms/hasReference,http://rs.tdwg.org/ltc/terms/version/hasReference-2024-02-28,This property refers to one or more related instances of the Reference class.,recommended
reference,recordLevel_fk,fk,for,record-level,recordLevel_pk,Record Level (Foreign Key),An identifier for an ltc:RecordLevel.,"The value in this field MAY be changed in aggregation to preserve the relationship to the (Primary Key). Optional: a row belongs to exactly one parent, so populate exactly one of this table's parent foreign keys.",,string,default,FALSE,FALSE,,,ltc,http://rs.tdwg.org/ltc/terms/hasReference,http://rs.tdwg.org/ltc/terms/version/hasReference-2024-02-28,This property refers to one or more related instances of the Reference class.,recommended
reference,resourceRelationship_fk,fk,for,resource-relationship,resourceRelationship_pk,Resource Relationship (Foreign Key),An identifier for an ltc:ResourceRelationship.,"The value in this field MAY be changed in aggregation to preserve the relationship to the (Primary Key). Optional: a row belongs to exactly one parent, so populate exactly one of this table's parent foreign keys.",,string,default,FALSE,FALSE,,,ltc,http://rs.tdwg.org/ltc/terms/hasReference,http://rs.tdwg.org/ltc/terms/version/hasReference-2024-02-28,This property refers to one or more related instances of the Reference class.,recommended
reference,schemeMeasurementOrFact_fk,fk,for,scheme-measurement-or-fact,schemeMeasurementOrFact_pk,Scheme Measurement Or Fact (Foreign Key),An identifier for an ltc:SchemeMeasurementOrFact.,"The value in this field MAY be changed in aggregation to preserve the relationship to the (Primary Key). Optional: a row belongs to exactly one parent, so populate exactly one of this table's parent foreign keys.",,string,default,FALSE,FALSE,,,ltc,http://rs.tdwg.org/ltc/terms/hasReference,http://rs.tdwg.org/ltc/terms/version/hasReference-2024-02-28,This property refers to one or more related instances of the Reference class.,recommended
reference,schemeTerm_fk,fk,for,scheme-term,schemeTerm_pk,Scheme Term (Foreign Key),An identifier for an ltc:SchemeTerm.,"The value in this field MAY be changed in aggregation to preserve the relationship to the (Primary Key). Optional: a row belongs to exactly one parent, so populate exactly one of this table's parent foreign keys.",,string,default,FALSE,FALSE,,,ltc,http://rs.tdwg.org/ltc/terms/hasReference,http://rs.tdwg.org/ltc/terms/version/hasReference-2024-02-28,This property refers to one or more related instances of the Reference class.,recommended
reference,storageLocation_fk,fk,for,storage-location,storageLocation_pk,Storage Location (Foreign Key),An identifier for an ltc:StorageLocation.,"The value in this field MAY be changed in aggregation to preserve the relationship to the (Primary Key). Optional: a row belongs to exactly one parent, so populate exactly one of this table's parent foreign keys.",,string,default,FALSE,FALSE,,,ltc,http://rs.tdwg.org/ltc/terms/hasReference,http://rs.tdwg.org/ltc/terms/version/hasReference-2024-02-28,This property refers to one or more related instances of the Reference class.,recommended
reference,taxon_fk,fk,for,taxon,taxon_pk,Taxon (Foreign Key),An identifier for an ltc:Taxon.,"The value in this field MAY be changed in aggregation to preserve the relationship to the (Primary Key). Optional: a row belongs to exactly one parent, so populate exactly one of this table's parent foreign keys.",,string,default,FALSE,FALSE,,,ltc,http://rs.tdwg.org/ltc/terms/hasReference,http://rs.tdwg.org/ltc/terms/version/hasReference-2024-02-28,This property refers to one or more related instances of the Reference class.,recommended
reference,temporalCoverage_fk,fk,for,temporal-coverage,temporalCoverage_pk,Temporal Coverage (Foreign Key),An identifier for an ltc:TemporalCoverage.,"The value in this field MAY be changed in aggregation to preserve the relationship to the (Primary Key). Optional: a row belongs to exactly one parent, so populate exactly one of this table's parent foreign keys.",,string,default,FALSE,FALSE,,,ltc,http://rs.tdwg.org/ltc/terms/hasReference,http://rs.tdwg.org/ltc/terms/version/hasReference-2024-02-28,This property refers to one or more related instances of the Reference class.,recommended
reference,referenceDetails,,,,,Reference Details,Detailed information about the resource being referenced.,,"`This dataset includes a Darwin Core Archive of the ~8000 specimens digitised to date, of which ~80% also have an associated label image.`, `de Mestier A, Mulcahy D, Harris DJ, et al. (2023) Policies Handbook on Using Molecular Collections. Research Ideas and Outcomes 9: e102908. https://doi.org/10.3897/rio.9.e102908`, `Suggested citation: USDA-ARS US National Fungus Collection (2023). USDA United States National Fungus Collections. Occurrence dataset https://doi.org/10.15468/w78rwb accessed via GBIF.org on 2023-04-27.`",string,default,,,,,ltc,http://rs.tdwg.org/ltc/terms/referenceDetails,http://rs.tdwg.org/ltc/terms/version/referenceDetails-2024-02-28,Detailed information about the resource being referenced.,recommended
reference,referenceName,,,,,Reference Name,A name given to a reference.,"If the reference is to a publication, this field should hold the publication title; otherwise any appropriate, short, text label relevant to the resource being referenced may be used.","`Digitised specimen records on the NHM Data Portal`, `Using a Collection Health Index to prioritise access and activities in the New Zealand Arthropod Collection`, `BGBM loans policy`, `Herbarium Wikipedia page`, `NMNH website`, `Related sequences in GenBank`",string,default,,,,,ltc,http://rs.tdwg.org/ltc/terms/referenceName,http://rs.tdwg.org/ltc/terms/version/referenceName-2024-02-28,A name given to a reference.,recommended
reference,referenceType,,,,,Reference Type,The type of resource being referenced.,This property is intended to be used for a high level categorisation of resource types.,"`Policy`, `Document`, `Website`, `Dataset`",string,default,,,,,ltc,http://rs.tdwg.org/ltc/terms/referenceType,http://rs.tdwg.org/ltc/terms/version/referenceType-2024-02-28,The type of resource being referenced.,recommended
reference,resourceIRI,,,,,Resource IRI,A preferably resolvable IRI providing access to the resource defined in the reference.,,"`10.5072/example-full`, `https://examplemuseum.org/policies/loans-policy.pdf`",string,default,,,,,ltc,http://rs.tdwg.org/ltc/terms/resourceIRI,http://rs.tdwg.org/ltc/terms/version/resourceIRI-2024-02-28,A preferably resolvable IRI providing access to the resource defined in the reference.,recommended
resource-relationship,resourceRelationship_pk,pk,,,,Resource Relationship (Primary Key),A unique identifier for an ltc:ResourceRelationship.,The value in this field MAY be changed in aggregation to guarantee uniqueness.,,string,default,TRUE,TRUE,,,ltc,http://example.com/term-pending/resourceRelationshipID,,A unique identifier for an ltc:ResourceRelationship.,recommended
resource-relationship,objectGroup_fk,fk,for,object-group,objectGroup_pk,Object Group (Foreign Key),An identifier for an ltc:ObjectGroup.,"The value in this field MAY be changed in aggregation to preserve the relationship to the (Primary Key). Optional: a row belongs to exactly one parent, so populate exactly one of this table's parent foreign keys.",,string,default,FALSE,FALSE,,,ltc,http://rs.tdwg.org/ltc/terms/hasResourceRelationship,http://rs.tdwg.org/ltc/terms/version/hasResourceRelationship-2024-02-28,This property refers to one or more related instances of the ResourceRelationship class.,recommended
resource-relationship,recordLevel_fk,fk,for,record-level,recordLevel_pk,Record Level (Foreign Key),An identifier for an ltc:RecordLevel.,"The value in this field MAY be changed in aggregation to preserve the relationship to the (Primary Key). Optional: a row belongs to exactly one parent, so populate exactly one of this table's parent foreign keys.",,string,default,FALSE,FALSE,,,ltc,http://rs.tdwg.org/ltc/terms/hasResourceRelationship,http://rs.tdwg.org/ltc/terms/version/hasResourceRelationship-2024-02-28,This property refers to one or more related instances of the ResourceRelationship class.,recommended
resource-relationship,relatedResourceID,,,,,Related Resource ID,"An identifier for a related resource (the object, rather than the subject of the relationship).",,`dc609808-b09b-11e8-96f8-529269fb1459`,string,default,,,,,dwc,http://rs.tdwg.org/dwc/terms/relatedResourceID,http://rs.tdwg.org/dwc/terms/version/relatedResourceID-2026-05-26,An identifier for the related resource (the object) of a dwc:ResourceRelationship.,recommended
resource-relationship,relatedResourceName,,,,,Related Resource Name,A short textual name for the related resource.,"This property can be used to list resources related to the source entity which lack an identifier, for example if a separate record for that resource doesn't yet exist. In the Collection Description standard, a use of this is to list named subcollections of a larger collections at a time when the resources might not be available to create a full Collection Description for each of them. If at a later point a Collection Description record is created for the subcollection, an identifier can be added to the relatedResourceID property to maintain the same relationship.","`FMNH Mammals`, `TNHC Vertebrates`, `Sloane Herbarium`, `Grant Southwest Ceramics Collection`",string,default,,,,,ltc,http://rs.tdwg.org/ltc/terms/relatedResourceName,http://rs.tdwg.org/ltc/terms/version/relatedResourceName-2024-02-28,A short textual name for the related resource.,recommended
resource-relationship,relatedResourceType,,,,,Related Resource Type,"The class or property within Latimer Core, or class, property or less formal concept outside of the Latimer Core standard, that is represented by the related resource.","This property can be used to explicitly define the type of resource that the ID stored in the relatedResourceID property references, either to support IDs that don’t fully resolve and provide contextual metadata, or just for information purposes. It can also provide context for use cases where the relatedResourceName is used rather than the relatedResourceID to define the target, for example to attach a simple list of the names of related collections to an ObjectGroup.","`http://rs.tdwg.org/ltc/terms/ObjectGroup`, `http://rs.tdwg.org/ltc/terms/Taxon`, `http://rs.tdwg.org/ltc/terms/objectType`, `http://rs.tdwg.org/dwc/terms/Occurrence`,  `Collection`",string,default,,,,,ltc,http://example.com/term-pending/relatedResourceType,,"The class or property within Latimer Core, or class, property or less formal concept outside of the Latimer Core standard, that is represented by the related resource.",recommended
resource-relationship,relationshipAccordingTo,,,,,Relationship According To,"The source (person, organization, publication, reference) establishing the relationship between the two resources.",,`Julie Woodruff`,array,default,,,,,dwc,http://rs.tdwg.org/dwc/terms/relationshipAccordingTo,http://rs.tdwg.org/dwc/terms/version/relationshipAccordingTo-2018-09-06,"The source (person, organization, publication, reference) establishing the relationship between the two resources.",recommended
resource-relationship,relationshipEstablishedDate,,,,,Relationship Established Date,The date-time on which the relationship between the two resources was established.,Recommended best practice is to use a date that conforms to ISO 8601-1:2019.,"`1963-03-08T14:07-0600`, `2009-02-20T08:40Z`, `2018-08-29T15:19`, `1809-02-12`, `1906-06`, `1971`, `2007-03-01T13:00:00Z/2008-05-11T15:30:00Z`, `1900/1909`, `2007-11-13/15`",string,default,,,,,dwc,http://rs.tdwg.org/dwc/terms/relationshipEstablishedDate,http://rs.tdwg.org/dwc/terms/version/relationshipEstablishedDate-2025-06-12,The date-time on which the relationship between the two resources was established.,recommended
resource-relationship,relationshipOfResource,,,,,Relationship Of Resource,The relationship of the resource identified by relatedResourceID to the subject (optionally identified by the resourceID).,Recommended best practice is to use a controlled vocabulary. https://schema.org/Property,"`part of`, `contains`, `same as`",string,default,,TRUE,,,ltc,http://rs.tdwg.org/ltc/terms/relationshipOfResource,http://rs.tdwg.org/ltc/terms/version/relationshipOfResource-2024-02-28,The relationship of the resource identified by relatedResourceID to the subject (optionally identified by the resourceID).,recommended
resource-relationship,relationshipRemarks,,,,,Relationship Remarks,Comments or notes about the relationship between the two resources.,,"`The Darwin fossil collection makes up part of the museum's palaeontology collection.`, `Some of the same Madagascan bryophytes are included in both of these collections.`",string,default,,,,,dwc,http://rs.tdwg.org/dwc/terms/relationshipRemarks,http://rs.tdwg.org/dwc/terms/version/relationshipRemarks-2023-06-28,Comments or notes about the relationship between the two resources.,recommended
resource-relationship,resourceID,,,,,Resource ID,An identifier for the resource that is the subject of the relationship.,,`f809b9e0-b09b-11e8-96f8-529269fb1459`,string,default,,TRUE,,,dwc,http://rs.tdwg.org/dwc/terms/resourceID,,An identifier for the resource that is the subject of the relationship.,recommended
role,role_pk,pk,,,,Role (Primary Key),A unique identifier for an ltc:Role.,The value in this field MAY be changed in aggregation to guarantee uniqueness.,,string,default,TRUE,TRUE,,,ltc,http://example.com/term-pending/roleID,,A unique identifier for an ltc:Role.,recommended
role,roleName,,,,,Role Name,A short descriptive name for the role.,,"`Director`, `Chair`, `Record owner`, `Primary Latimer Core record contact`, `Primary collection contact`, `Owner`, `Curator`, `Collection manager`, `Head of department`, `Registrar`, `Data curation`, `Supervision`, `Collecting`, `Curation`, `Conservation`, `Funding`, `Imaging`",string,default,,,,,ltc,http://rs.tdwg.org/ltc/terms/roleName,http://rs.tdwg.org/ltc/terms/version/roleName-2024-02-28,A short descriptive name for the role.,recommended
scheme-measurement-or-fact,schemeMeasurementOrFact_pk,pk,,,,Scheme Measurement Or Fact (Primary Key),A unique identifier for an ltc:SchemeMeasurementOrFact.,The value in this field MAY be changed in aggregation to guarantee uniqueness.,,string,default,TRUE,TRUE,,,ltc,http://example.com/term-pending/schemeMeasurementOrFactID,,A unique identifier for an ltc:SchemeMeasurementOrFact.,recommended
scheme-measurement-or-fact,latimerCoreScheme_fk,fk,for,latimer-core-scheme,latimerCoreScheme_pk,Latimer Core Scheme (Foreign Key),An identifier for an ltc:LatimerCoreScheme.,The value in this field MAY be changed in aggregation to preserve the relationship to the (Primary Key).,,string,default,FALSE,TRUE,,,ltc,http://rs.tdwg.org/ltc/terms/hasSchemeMeasurementOrFact,http://rs.tdwg.org/ltc/terms/version/hasSchemeMeasurementOrFact-2024-02-28,This property refers to one or more related instances of the SchemeMeasurementOrFact class.,recommended
scheme-measurement-or-fact,isMandatoryMetric,,,,,Is Mandatory Metric,A flag to designate whether it is mandatory or optional for every collection description within the LatimerCoreScheme to include the measurement or fact defined by the schemeMeasurementType property.,This flag can be used for software automation and data validation.,"`true`, `false`",boolean,default,,TRUE,,,ltc,http://rs.tdwg.org/ltc/terms/isMandatoryMetric,http://rs.tdwg.org/ltc/terms/version/isMandatoryMetric-2024-02-28,A flag to designate whether it is mandatory or optional for every collection description within the LatimerCoreScheme to include the measurement or fact defined by the schemeMeasurementType property.,recommended
scheme-measurement-or-fact,isRepeatableMetric,,,,,Is Repeatable Metric,A flag to designate whether multiple instances of the same schemeMeasurementType may be attached to a single entity.,"For example, this property can be used to stipulate that, using the MeasurementOrFact class, only one 'Object count' may be attached to an ObjectGroup, but multiple 'Curator notes' may be attached to the same ObjectGroup.","`true`, `false`",boolean,default,,TRUE,,,ltc,http://rs.tdwg.org/ltc/terms/isRepeatableMetric,http://rs.tdwg.org/ltc/terms/version/isRepeatableMetric-2024-02-28,A flag to designate whether multiple instances of the same schemeMeasurementType may be attached to a single entity.,recommended
scheme-measurement-or-fact,schemeMeasurementType,,,,,Scheme Measurement Type,A category of quantitative metric or qualitative fact that can be included in the LatimerCoreScheme.,"The schemeMeasurementType should correspond to, and be used to catalogue and/or constrain, the values that can be used in the measurementType property of the MeasurementOrFact class.","`Imaged Level Percentage`, `Storage Volume`, `Object Count`, `MIDS-0 Object Count`, `Historical Narrative`",string,default,,TRUE,,,ltc,http://rs.tdwg.org/ltc/terms/schemeMeasurementType,http://rs.tdwg.org/ltc/terms/version/schemeMeasurementType-2024-02-28,A category of quantitative metric or qualitative fact that can be included in the LatimerCoreScheme.,recommended
scheme-term,schemeTerm_pk,pk,,,,Scheme Term (Primary Key),A unique identifier for an ltc:SchemeTerm.,The value in this field MAY be changed in aggregation to guarantee uniqueness.,,string,default,TRUE,TRUE,,,ltc,http://example.com/term-pending/schemeTermID,,A unique identifier for an ltc:SchemeTerm.,recommended
scheme-term,latimerCoreScheme_fk,fk,for,latimer-core-scheme,latimerCoreScheme_pk,Latimer Core Scheme (Foreign Key),An identifier for an ltc:LatimerCoreScheme.,The value in this field MAY be changed in aggregation to preserve the relationship to the (Primary Key).,,string,default,FALSE,TRUE,,,ltc,http://rs.tdwg.org/ltc/terms/hasSchemeTerm,http://rs.tdwg.org/ltc/terms/version/hasSchemeTerm-2024-02-28,This property refers to one or more related instances of the SchemeTerm class.,recommended
scheme-term,isMandatoryTerm,,,,,Is Mandatory Term,A flag to designate whether it is mandatory or optional for all ObjectGroups in the LatimerCoreScheme to include or be linked to valid data for the class or property defined in the termName property.,"This flag can be used for software automation and data validation. For example, if the termName is 'preservationMethod' (a property) and isMandatoryTerm is 'true', then an interface or query should always expect a value for that property, and can validate against that expectation. If the termName is Taxon (a class) and isMandatoryTerm is 'true', then similarly the expectation will be that at least one populated Taxon object is linked to every ObjectGroup. If the isRepeatableTerm property is set to 'false', then the expectation will be that exactly one populated Taxon object is linked to every ObjectGroup and no more.","`true`, `false`",boolean,default,,TRUE,,,ltc,http://rs.tdwg.org/ltc/terms/isMandatoryTerm,http://rs.tdwg.org/ltc/terms/version/isMandatoryTerm-2024-02-28,A flag to designate whether it is mandatory or optional for all ObjectGroups in the LatimerCoreScheme to include or be linked to valid data for the class or property defined in the termName property.,recommended
scheme-term,isRepeatableTerm,,,,,Is Repeatable Term,A flag to designate whether multiple instances of the Latimer Core class or property defined in the termName property may be attached to a single ObjectGroup.,"This property essentially defines whether the property or class is used for a 'tagging' approach (e.g. attaching multiple Taxon records to the same ObjectGroup to reflect the taxonomic scope, or a 'dimensional' approach (e.g. attaching a single GeologicalContext to an ObjectGroup, to show that it represents only objects from the Mesozoic). This has implications on how metrics may be handled, and more information is available in the non-normative guidance.","`true`, `false`",boolean,default,,TRUE,,,ltc,http://rs.tdwg.org/ltc/terms/isRepeatableTerm,http://rs.tdwg.org/ltc/terms/version/isRepeatableTerm-2024-02-28,A flag to designate whether multiple instances of the Latimer Core class or property defined in the termName property may be attached to a single ObjectGroup.,recommended
scheme-term,termName,,,,,Term Name,The name of a class or property within the Latimer Core standard that is included in the LatimerCoreScheme.,The values of this property are constrained to the names of terms (classes or properties) within the Latimer Core standard.,"`GeographicContext`, `Taxon`, `preservationMethod`, `discipline`",string,default,,TRUE,,,ltc,http://rs.tdwg.org/ltc/terms/termName,http://rs.tdwg.org/ltc/terms/version/termName-2024-02-28,The name of a class or property within the Latimer Core standard that is included in the LatimerCoreScheme.,recommended
storage-location,storageLocation_pk,pk,,,,Storage Location (Primary Key),A unique identifier for an ltc:StorageLocation.,The value in this field MAY be changed in aggregation to guarantee uniqueness.,,string,default,TRUE,TRUE,,,ltc,http://example.com/term-pending/storageLocationID,,A unique identifier for an ltc:StorageLocation.,recommended
storage-location,objectGroup_fk,fk,for,object-group,objectGroup_pk,Object Group (Foreign Key),An identifier for an ltc:ObjectGroup.,The value in this field MAY be changed in aggregation to preserve the relationship to the (Primary Key).,,string,default,FALSE,TRUE,,,ltc,http://rs.tdwg.org/ltc/terms/hasStorageLocation,http://rs.tdwg.org/ltc/terms/version/hasStorageLocation-2024-02-28,This property refers to one or more related instances of the StorageLocation class.,recommended
storage-location,parentStorageLocation_fk,fk,part of,storage-location,storageLocation_pk,Storage Location (Foreign Key),An identifier for an ltc:StorageLocation.,The value in this field MAY be changed in aggregation to preserve the relationship to the (Primary Key).,,string,default,FALSE,TRUE,,,ltc,http://rs.tdwg.org/ltc/terms/hasParentStorageLocation,http://rs.tdwg.org/ltc/terms/version/hasParentStorageLocation-2024-02-28,This property refers to one or more related parent instances of the StorageLocation class.,recommended
storage-location,locationDescription,,,,,Location Description,Short textual description of the storage location of the group of items,,`Backlog on top of Rosaceae cupboards`,string,default,,,,,ltc,http://rs.tdwg.org/ltc/terms/locationDescription,http://rs.tdwg.org/ltc/terms/version/locationDescription-2024-02-28,Short textual description of the storage location of the group of items,recommended
storage-location,locationName,,,,,Location Name,A label used to identify a place where the collection is stored.,This is the lowest level of storage location for the object group (collection or sub-collection).,"`Building A`, `Cryptogamic herbarium`, `Cupboard C1`",string,default,,TRUE,,,ltc,http://rs.tdwg.org/ltc/terms/locationName,http://rs.tdwg.org/ltc/terms/version/locationName-2024-02-28,A label used to identify a place where the collection is stored.,recommended
storage-location,locationType,,,,,Location Type,The nature of the location where the collection is stored.,"This defines the type of storage location named in locationName, and may refer to static locations or moveable containers.","`Site`, `Building`, `Floor`, `Room`, `Cabinet`, `Drawer`",string,default,,,,,ltc,http://rs.tdwg.org/ltc/terms/locationType,http://rs.tdwg.org/ltc/terms/version/locationType-2024-02-28,The nature of the location where the collection is stored.,recommended
taxon,taxon_pk,pk,,,,Taxon (Primary Key),A unique identifier for an ltc:Taxon.,The value in this field MAY be changed in aggregation to guarantee uniqueness.,,string,default,TRUE,TRUE,,,ltc,http://example.com/term-pending/taxonID,,A unique identifier for an ltc:Taxon.,recommended
taxon,objectGroup_fk,fk,for,object-group,objectGroup_pk,Object Group (Foreign Key),An identifier for an ltc:ObjectGroup.,The value in this field MAY be changed in aggregation to preserve the relationship to the (Primary Key).,,string,default,FALSE,TRUE,,,ltc,http://rs.tdwg.org/ltc/terms/hasTaxon,http://rs.tdwg.org/ltc/terms/version/hasTaxon-2024-02-28,This property refers to one or more related instances of the Taxon class.,recommended
taxon,genus,,,,,Genus,The full scientific name of the genus in which the taxon is classified.,The full scientific name of the genus in which the collection's taxa are classified.,"`Puma`, `Monoclea`",string,default,,,,,dwc,http://rs.tdwg.org/dwc/terms/genus,http://rs.tdwg.org/dwc/terms/version/genus-2023-06-28,The full scientific name of the genus in which the dwc:Taxon is classified.,recommended
taxon,kingdom,,,,,Kingdom,The full scientific name of the kingdom in which the taxon is classified.,The full scientific name of the kingdom in which the taxa in the collection are classified. Examples of controlled vocabularies include http://tdwg.github.io/ontology/ontology/voc/Collection.rdf and https://doi.org/10.1371/journal.pone.0130114 https://en.wikipedia.org/wiki/Two-empire_system.,"`Animalia`, `Archaea`, `Bacteria`, `Chromista`, `Fungi`, `Plantae`, `Protozoa`, `Viruses`",string,default,,,,,dwc,http://rs.tdwg.org/dwc/terms/kingdom,http://rs.tdwg.org/dwc/terms/version/kingdom-2023-06-28,The full scientific name of the kingdom in which the dwc:Taxon is classified.,recommended
taxon,scientificName,,,,,Scientific Name,"The full scientific name, with authorship and date information if known. When forming part of an Identification, this should be the name in lowest level taxonomic rank that can be determined. This term should not contain identification qualifications, which should instead be supplied in the IdentificationQualifier term.","The full scientific name. This should be the name in lowest level taxonomic rank that applies across the collection. If this field is used, then recommended to also complete the taxonRank. This term should not contain identification qualifications.","`Coleoptera` (order), `Vespertilionidae` (family), `Manis` (genus), `Ctenomys sociabilis` (genus + specificEpithet), `Ambystoma tigrinum diaboli` (genus + specificEpithet + infraspecificEpithet)",string,default,,,,,dwc,http://rs.tdwg.org/dwc/terms/scientificName,http://rs.tdwg.org/dwc/terms/version/scientificName-2026-05-26,"The full scientific name, with authorship and date information if known. When forming part of a dwc:Identification, this should be the name in lowest level taxonomic rank that can be determined.",recommended
taxon,taxonRank,,,,,Taxon Rank,The taxonomic rank of the most specific name in the scientificName.,Recommended best practice is to use a controlled vocabulary. For example: https://bioportal.bioontology.org/ontologies/TAXRANK?p=summary,"`subspecies`, `varietas`, `forma`, `species`, `genus`",string,default,,,,,dwc,http://rs.tdwg.org/dwc/terms/taxonRank,http://rs.tdwg.org/dwc/terms/version/taxonRank-2026-05-26,The taxonomic rank of the most specific name in the dwc:scientificName.,recommended
temporal-coverage,temporalCoverage_pk,pk,,,,Temporal Coverage (Primary Key),A unique identifier for an ltc:TemporalCoverage.,The value in this field MAY be changed in aggregation to guarantee uniqueness.,,string,default,TRUE,TRUE,,,ltc,http://example.com/term-pending/temporalCoverageID,,A unique identifier for an ltc:TemporalCoverage.,recommended
temporal-coverage,collectionStatusHistory_fk,fk,for,collection-status-history,collectionStatusHistory_pk,Collection Status History (Foreign Key),An identifier for an ltc:CollectionStatusHistory.,"The value in this field MAY be changed in aggregation to preserve the relationship to the (Primary Key). Optional: a row belongs to exactly one parent, so populate exactly one of this table's parent foreign keys.",,string,default,FALSE,FALSE,,,ltc,http://rs.tdwg.org/ltc/terms/hasTemporalCoverage,http://rs.tdwg.org/ltc/terms/version/hasTemporalCoverage-2024-02-28,This property refers to one or more related instances of the TemporalCoverage class.,recommended
temporal-coverage,event_fk,fk,for,event,event_pk,Event (Foreign Key),An identifier for an ltc:Event.,"The value in this field MAY be changed in aggregation to preserve the relationship to the (Primary Key). Optional: a row belongs to exactly one parent, so populate exactly one of this table's parent foreign keys.",,string,default,FALSE,FALSE,,,ltc,http://rs.tdwg.org/ltc/terms/hasTemporalCoverage,http://rs.tdwg.org/ltc/terms/version/hasTemporalCoverage-2024-02-28,This property refers to one or more related instances of the TemporalCoverage class.,recommended
temporal-coverage,personRole_fk,fk,for,person-role,personRole_pk,Person Role (Foreign Key),An identifier for an ltc:PersonRole.,"The value in this field MAY be changed in aggregation to preserve the relationship to the (Primary Key). Optional: a row belongs to exactly one parent, so populate exactly one of this table's parent foreign keys.",,string,default,FALSE,FALSE,,,ltc,http://rs.tdwg.org/ltc/terms/hasTemporalCoverage,http://rs.tdwg.org/ltc/terms/version/hasTemporalCoverage-2024-02-28,This property refers to one or more related instances of the TemporalCoverage class.,recommended
temporal-coverage,temporalCoverageEndDateTime,,,,,Temporal Coverage End Date,Datetime at which the TemporalCoverage finished.,"If temporalCoverageEndDateTime is populated, temporalCoverageType is strongly recommended.","`1886`, `1984-09`, `2001-10-22`, `1997-07-16T19:20+01:00`",string,default,,,,,ltc,http://rs.tdwg.org/ltc/terms/temporalCoverageEndDateTime,http://rs.tdwg.org/ltc/terms/version/temporalCoverageEndDateTime-2024-02-28,Datetime at which the TemporalCoverage finished.,recommended
temporal-coverage,temporalCoverageStartDateTime,,,,,Temporal Coverage Start Date,Datetime at which the TemporalCoverage began.,"If temporalCoverageStartDateTime is populated, temporalCoverageType is recommended.","`1886`, `1984-09`, `2001-10-22`, `1997-07-16T19:20+01:00`",string,default,,,,,ltc,http://rs.tdwg.org/ltc/terms/temporalCoverageStartDateTime,http://rs.tdwg.org/ltc/terms/version/temporalCoverageStartDateTime-2024-02-28,Datetime at which the TemporalCoverage began.,recommended
temporal-coverage,temporalCoverageType,,,,,Temporal Coverage Type,The type or context of the described TemporalCoverage.,"If temporalCoverageStartDateTime is populated, temporalCoverageType is recommended. Recommendation is to use a controlled vocabulary.","`Collecting time range`, `Establishment time range`, `Time in post`",string,default,,,,,ltc,http://rs.tdwg.org/ltc/terms/temporalCoverageType,http://rs.tdwg.org/ltc/terms/version/temporalCoverageType-2024-02-28,The type or context of the described TemporalCoverage.,recommended
